id,school,name,position_family,class_2026,grade_hq_2026,old_nfl_style_outlook,proposed_college_stage,stage_rationale,evidence_confidence,breakout_pct,improve_pct,steady_pct,decline_pct,max_gain_pre_cap,max_gain_effective,max_loss,volatility,eligibility_remaining,research_flags,research_summary,source_links
alabama|brayhubbard,Alabama,Bray Hubbard,Secondary,SR,84,STEADY,ESTABLISHED,credible existing college level or modal steady outlook; no guaranteed step forward,SUPPORTED,4,17,65,14,2,2,5,LOW,UNCONFIRMED,UNCERTAIN_2027_ELIGIBILITY,"Alabama 2026 senior safety specifically passed on 2026 NFL Draft; in 2025 started all 15 games, made 79 tackles/4 INT/six PBUs/three forced fumbles and first-team All-SEC, second-team AFCA All-American. Four 2026 games 13 tackles and interception. Upper-tier production proven so steady and high 2027 declaration should dominate, not class-only probabilities.",https://rolltide.com/sports/football/roster/brayson-hubbard/17446
alabama|calebwoodson,Alabama,Caleb Woodson,Front Seven,SR,82,RISING,ESTABLISHED,credible existing college level or modal steady outlook; no guaranteed step forward,SUPPORTED,8,29,47,16,4,4,6,MEDIUM,UNCONFIRMED,RISING_LABEL_OBSCURES_STEADY_MODE|UNCERTAIN_2027_ELIGIBILITY,"Alabama 2026 senior starting middle linebacker after Virginia Tech 2023–25 (152 career tackles, 2024 72 tackles/11 starts, 2025 58 tackles/five starts in nine games). In first four 2026 games led Alabama with 30 tackles and two sacks, including 12 tackles vs Kentucky and another 12 vs South Carolina. More responsibility supports impact but not guaranteed elite breakout.",https://rolltide.com/sports/football/roster/caleb-woodson/17539
alabama|danielhill,Alabama,Daniel Hill,RB,JR,83,RISING,ESTABLISHED,credible existing college level or modal steady outlook; no guaranteed step forward,SUPPORTED,9,37,41,13,5,5,5,MEDIUM,UNCONFIRMED,,"Alabama junior 234-pound running back, 2025 reserve/spot starter: 75 rushes/284 yards/six TD plus 28 catches/203 yards/one TD across 14 games with three starts. Earned starting role 2026, opened with 47 rushing yards and two TD vs East Carolina. Role expansion offers improvement path, not proven elite volume or draft certainty.",https://rolltide.com/sports/football/roster/daniel-hill/17441
alabama|devanthompkins,Alabama,Devan Thompkins,Front Seven,5TH,87,RISING,ESTABLISHED,credible existing college level or modal steady outlook; no guaranteed step forward,MODERATE,9,25,50,16,4,4,5,MEDIUM,0,RISING_LABEL_OBSCURES_STEADY_MODE,"Alabama official fifth-year defensive lineman transfer from USC who started first four 2026 games and recorded 16 tackles, 3.5 TFL, three sacks, forced fumble and Kentucky SEC Defensive Lineman of the Week. New SEC role ups breakout possibility but only four observed games at this assignment; normal 2026 fifth-year eligibility expires without a waiver.",https://rolltide.com/sports/football/roster/devan-thompkins/17536
alabama|dijonleejr,Alabama,Dijon Lee Jr.,Secondary,SO,91,RISING,ESTABLISHED,credible existing college level or modal steady outlook; no guaranteed step forward,SUPPORTED,8,29,49,14,4,4,5,MEDIUM,UNCONFIRMED,YOUNG_ALREADY_HIGH_GRADE|RISING_LABEL_OBSCURES_STEADY_MODE,"Alabama 2026 sophomore corner earned 2025 true freshman All-America after five starts in 15 games with 34 tackles, 4.5 TFL, five PBUs and two INT. In 2026 four starts brought 12 tackles, forced fumble and PBU. Proven effective young high-tier player; modest additional breakout rather than generic rookie hype. 2025 college entry rules out 2027 NFL draft.",https://rolltide.com/sports/football/roster/dijon-lee-jr/17454
alabama|ejcrowell,Alabama,EJ Crowell,RB,FR,84,HIGH UPSIDE,EMERGING,early college career + individually modeled development runway,MODERATE,20,40,28,12,7,7,5,HIGH,UNCONFIRMED,,"Alabama true freshman RB reclassified into 2026 class, not a multi-season established producer. In first four college games rushed 23 times for 155 yards and three TD, including a TD each of first three games. Real efficiency merits upside but tiny workload and unusual early matriculation warrant higher volatility; 2027 draft ineligible.",https://rolltide.com/sports/football/roster/ej-crowell/17501
alabama|kalebedwards,Alabama,Kaleb Edwards,TE,SO,84,RISING,ASCENDING,sourced opportunity or demonstrated progression with sizeable improvement odds,SUPPORTED,15,38,35,12,6,6,5,HIGH,UNCONFIRMED,,"Alabama sophomore TE played all 15 games with six starts as 2025 freshman, developed to three starts in first four games of 2026 with eight catches for 99 yards/one TD. Blocking and early route usage support real growth, not purely recruiting potential. Sophomore 2025 matriculation keeps him out of 2027 NFL Draft.",https://rolltide.com/sports/football/roster/kaleb-edwards/17433
alabama|keelonrussell,Alabama,Keelon Russell,QB,SO,93,RISING,ESTABLISHED,credible existing college level or modal steady outlook; no guaranteed step forward,MODERATE,8,31,49,12,6,6,5,MEDIUM,UNCONFIRMED,YOUNG_ALREADY_HIGH_GRADE|RISING_LABEL_OBSCURES_STEADY_MODE,"Enrolled 2025, 2026 sophomore starting QB with strong early efficiency after just two backup appearances in 2025; 2027 NFL declaration barred under ordinary three-years-removed rule.",https://rolltide.com/sports/football/roster/russell-keelon/17477
alabama|keonsabb,Alabama,Keon Sabb,Secondary,5TH,89,STEADY,ESTABLISHED,credible existing college level or modal steady outlook; no guaranteed step forward,SUPPORTED,5,19,61,15,3,3,5,LOW,0,,"Alabama official 2026 fifth-year safety transferred from Michigan. Started all 15 games in 2025 with 54 tackles, 2.5 TFL, one sack, one interception and three PBUs. Four 2026 starts yielded eight tackles, two PBUs and a forced fumble. Established coverage/run veteran is steadier than ordinary class prior; fifth-year 2026 normally final eligible season.",https://rolltide.com/sports/football/roster/keon-sabb/17478
alabama|londonsimmons,Alabama,London Simmons,Front Seven,SO,80,RISING,ASCENDING,sourced opportunity or demonstrated progression with sizeable improvement odds,MODERATE,14,38,36,12,6,6,5,HIGH,UNCONFIRMED,INJURY_CONTEXT,"Alabama sophomore interior DL emerged from 2025 rotation to two starts in four 2026 games, totaling eight tackles, a half-sack and hurry. Missed spring practice due to injury but roster lists him healthy for fall. Limited sustained disruption and recent promotion create real improvement opportunity and position/health risk; 2025 college entry bars 2027 NFL Draft.",https://rolltide.com/sports/football/roster/london-simmons/17484
alabama|lotzeirbrooks,Alabama,Lotzeir Brooks,WR,SO,86,RISING,ASCENDING,sourced opportunity or demonstrated progression with sizeable improvement odds,SUPPORTED,14,38,36,12,6,6,5,HIGH,UNCONFIRMED,,"Alabama true sophomore WR had 2025 32 catches/441 yards/two TD and 283 kickoff-return yards; late Oklahoma playoff game five catches/79 yards/two scores demonstrates big-play potential. 2026 early usage included 23 yards on two catches vs East Carolina. New consistent role could develop more than generic steady veteran, but small receiver size/targets create variance.",https://rolltide.com/sports/football/roster/LOTZEIR-BROOKS/17426
alabama|lukemetz,Alabama,Luke Metz,Front Seven,SO,87,RISING,ASCENDING,sourced opportunity or demonstrated progression with sizeable improvement odds,LIMITED,13,40,36,11,6,6,5,HIGH,UNCONFIRMED,INJURY_CONTEXT|THIN_SAMPLE,"Alabama sophomore LB became 2026 defense's green-dot signal caller and starter; first four games amassed 29 tackles (second on team), three hurries, a pick-six and fumble recovery. Previous 2025 year largely special teams, so this is genuine demonstrated emergence but shorter starter sample means more development volatility; 2027 draft barred given 2025 college entry.",https://rolltide.com/sports/football/roster/luke-metz/17464
alabama|redmorgan,Alabama,Red Morgan,Secondary,JR,74,RISING,ASCENDING,sourced opportunity or demonstrated progression with sizeable improvement odds,SUPPORTED,12,35,39,14,5,5,5,MEDIUM,UNCONFIRMED,,"Alabama junior nickel/husky DB had 2025 26 tackles, three TFL and one forced fumble in 15 games with five starts, then started 2026 and registered 18 tackles, 1.5 TFL and two interceptions including a South Carolina pick-six through four games. Genuine role ascent warrants upside with turnover-rate regression possibilities; 2027 draft eligible but not a sure exit.",https://rolltide.com/sports/football/roster/red-morgan/17468
alabama|ricoscott,Alabama,Rico Scott,WR,JR,84,RISING,ASCENDING,sourced opportunity or demonstrated progression with sizeable improvement odds,SUPPORTED,14,40,35,11,6,6,5,MEDIUM,UNCONFIRMED,,"Alabama junior WR played all 15 games with three starts in 2025 but caught 11 passes for 98 yards and two TD. His 2026 starting role expanded to four starts and 12 catches for 140 yards/one TD in first four games, a clear opportunity increase without established high-end workload. Development upside and moderate volume volatility, modest immediate 2027 NFL exit risk.",https://rolltide.com/sports/football/roster/rico-scott/17483
alabama|ryancolemanwilliams,Alabama,Ryan Coleman-Williams,WR,JR,91,RISING,ESTABLISHED,credible existing college level or modal steady outlook; no guaranteed step forward,SUPPORTED,7,26,47,20,4,4,6,MEDIUM,UNCONFIRMED,RISING_LABEL_OBSCURES_STEADY_MODE,"Alabama 2026 junior WR formerly known as Ryan Williams. 2024 freshman 865 yards/8 TD, 2025 689 yards/4 TD; 2026 has flashes but less consistent volume. Current 91 HQ anchored by trait talent; efficiency/workload ups and downs justify a meaningful decline scenario and restrained breakout.",https://rolltide.com/sports/football/roster/
alabama|terrancegreen,Alabama,Terrance Green,Front Seven,SR,81,RISING,VOLATILE,injury / small-sample / role-transition context and high modeled spread,LIMITED,15,34,36,15,6,6,5,HIGH,UNCONFIRMED,UNCERTAIN_ROLE_OR_COMPETITION|THIN_SAMPLE|UNCERTAIN_2027_ELIGIBILITY,"Alabama senior DL transferred from Oregon after only 22 tackles/three TFL/one sack in 25 games across 2023–25, then logged eight tackles, three TFL and two sacks in four 2026 Alabama starts. This is documented starting-role breakout after limited reserve experience; 2027 grade could rise or regress because of the thin 2026 high-impact sample.",https://rolltide.com/sports/football/roster/terrance-green/17508
alabama|traeshawnbrown,Alabama,Trae'shawn Brown,RB,FR,80,HIGH UPSIDE,EMERGING,early college career + individually modeled development runway,SUPPORTED,21,40,25,14,8,8,5,HIGH,UNCONFIRMED,,"Alabama true freshman 2026 RB, late addition to recruiting class after 2025 Huntsville High 1,362 rushing yards/17 TD and 204 receiving yards. Official 2026 active roster confirms role, but no reliably established significant collegiate 2026 statistics in current public player biography; college breakout estimate remains high-uncertainty rather than treating prep production as proven FBS output. First 2026 college entry makes 2027 draft impossible.",https://rolltide.com/sports/football/roster/traeshawn-brown/17421 | https://rolltide.com/sports/football/roster/
alabama|yhonzaepierre,Alabama,Yhonzae Pierre,Front Seven,SR,91,STEADY,ESTABLISHED,credible existing college level or modal steady outlook; no guaranteed step forward,MODERATE,5,20,61,14,3,3,5,LOW,UNCONFIRMED,UNCERTAIN_2027_ELIGIBILITY,"Alabama 2026 senior edge/OLB returned instead of declaring for the 2026 Draft; started first four 2026 games with 14 tackles, 2.5 TFL, 1.5 sacks and five QB hurries plus a pick-six. Established rush/coverage versatility with modest remaining ceiling, high chance to depart for NFL in 2027.",https://rolltide.com/sports/football/roster/yhonzae-pierre/17470
alabama|zabienbrown,Alabama,Zabien Brown,Secondary,JR,90,RISING,ESTABLISHED,credible existing college level or modal steady outlook; no guaranteed step forward,SUPPORTED,4,22,60,14,3,3,4,LOW,UNCONFIRMED,RISING_LABEL_OBSCURES_STEADY_MODE,"Alabama junior corner and 2026 permanent captain: 2025 39 tackles, six PBUs, two interception returns for TD and a standout Tennessee coverage game allowing 16 yards on six targets. Four 2026 PBUs and nine tackles by early October. Already proven high-level cover corner, making another giant breakout less likely than steady production and 2027 NFL consideration.",https://rolltide.com/sports/football/roster/zabien-brown/17427
alabama|zyangibson,Alabama,Zyan Gibson,Secondary,FR,86,HIGH UPSIDE,EMERGING,early college career + individually modeled development runway,SUPPORTED,20,40,26,14,8,8,5,HIGH,UNCONFIRMED,,"Alabama 2026 true freshman corner with strong high-school speed/return profile and state-level sprint results, but no documented 2025 college action and no authenticated 2026 defensive game sample in currently available school bio. Treat college ability/development as uncertain, not recruiting grade; 2026 entry means no 2027 draft eligibility.",https://rolltide.com/sports/football/roster/zyan-gibson/17328 | https://rolltide.com/sports/football/roster/
boise-state|akeemwright,Boise State,Akeem Wright,WR,SR,84,RISING,VOLATILE,injury / small-sample / role-transition context and high modeled spread,MODERATE,13,33,39,15,5,5,6,HIGH,UNCONFIRMED,UNCERTAIN_ROLE_OR_COMPETITION|UNCERTAIN_2027_ELIGIBILITY,"De Anza College 2025 Golden Coast League Offensive MVP and first-team all-region: 59 catches, 1,173 yards, 12 TD, after 964 yards and 13 TD in 2024. First Boise State FBS season in 2026, so JUCO production offers genuine upside but translation and role risk; do not imply proven Pac-12 numbers.",https://broncosports.com/sports/football/roster/akeem-wright/14431
boise-state|benford,Boise State,Ben Ford,WR,6TH,83,RISING,VOLATILE,injury / small-sample / role-transition context and high modeled spread,MODERATE,8,30,39,23,4,4,7,HIGH,0,INJURY_CONTEXT|RISING_LABEL_OBSCURES_STEADY_MODE,"Boise 2025: 21 catches, 325 yards and team-high five receiving TD in just seven games/five starts before season-ending injury. Sixth-year veteran who first redshirted in 2021 and missed 2023; 2026 comeback ceiling versus durability uncertainty. Model final year after 2026 barring unusual exception.",https://broncosports.com/sports/football/roster/ben-ford/14301
boise-state|boenphelps,Boise State,Boen Phelps,Front Seven,SR,88,RISING,ESTABLISHED,credible existing college level or modal steady outlook; no guaranteed step forward,MODERATE,9,35,44,12,4,4,5,MEDIUM,UNCONFIRMED,INJURY_CONTEXT|RISING_LABEL_OBSCURES_STEADY_MODE|UNCERTAIN_2027_ELIGIBILITY,"Boise 2025 redshirt sophomore: 66 tackles, four TFL, nine starts in 14 games, INT return TD against App State and extensive special teams responsibility. Official 2026 senior, preseason all-Pac-12 mention; upward starter role credible but 2026 NFL exit not automatic.",https://broncosports.com/sports/football/roster/boen-phelps/14247
boise-state|cambates,Boise State,Cam Bates,WR,JR,82,RISING,ASCENDING,sourced opportunity or demonstrated progression with sizeable improvement odds,SUPPORTED,15,40,34,11,5,5,5,HIGH,UNCONFIRMED,,"2025 Boise junior-year predecessor: eight starts in 14 games, 301 receiving yards, 78 rushing yards, three total TD. Pac-12 2026 special-teams weekly honor and receiver/return versatility point to expanding 2026 role, but not yet a proven top receiving volume.",https://broncosports.com/sports/football/roster/cam-bates/14190
boise-state|dylanriley,Boise State,Dylan Riley,RB,JR,95,RISING,PLATEAUING,documented established output + high steady probability / little further grade headroom,SUPPORTED,6,25,57,12,3,3,5,LOW,UNCONFIRMED,RISING_LABEL_OBSCURES_STEADY_MODE,"2025 Boise second-team All-MW: 1,125 rushing yards and ten rushing TD in 14 games/ten starts, 149 receiving yards and two receiving TD. Sept 2026 Doak Walker weekly award and Pac-12 offensive weekly award confirm continuing impact. Feature RB already established, development more likely steady than huge breakout.",https://broncosports.com/sports/football/roster/dylan-riley/14250
boise-state|jadenmickey,Boise State,Jaden Mickey,Secondary,5TH,88,RISING,ESTABLISHED,credible existing college level or modal steady outlook; no guaranteed step forward,SUPPORTED,5,23,56,16,3,3,5,LOW,0,RISING_LABEL_OBSCURES_STEADY_MODE,"Boise 2025 fifth-year predecessor: 38 tackles, seven TFL, 11 starts in 13 games after Notre Dame career and 2024 redshirt. 2026 Thorpe preseason watch; high-level veteran defensive back, gains bounded, standard 2026 fifth-year final-season assumption.",https://broncosports.com/sports/football/roster/jaden-mickey/14328
boise-state|jaydenvirginmorgan,Boise State,Jayden Virgin-Morgan,Front Seven,5TH,93,RISING,PLATEAUING,documented established output + high steady probability / little further grade headroom,SUPPORTED,5,24,56,15,3,3,5,LOW,0,RISING_LABEL_OBSCURES_STEADY_MODE,"Boise 2025 14-game starter and second-team All-MW edge: 56 tackles, 13 TFL, team-high six sacks; 2024 first-team All-MW. Official fifth year in 2026, 2026 Senior Bowl Top 300 and Nagurski/Lombardi watch lists; proven edge with moderate pro exit risk, little major growth headroom.",https://broncosports.com/sports/football/roster/jayden-virginmorgan/14357
boise-state|jericowashingtonjr,Boise State,JeRico Washington Jr.,Secondary,SR,86,RISING,ESTABLISHED,credible existing college level or modal steady outlook; no guaranteed step forward,SUPPORTED,9,29,48,14,4,4,5,MEDIUM,UNCONFIRMED,RISING_LABEL_OBSCURES_STEADY_MODE|UNCERTAIN_2027_ELIGIBILITY,"Kennesaw State 2025 corner: 14 starts, 52 tackles, one sack, 12 pass breakups, two forced fumbles; 2024 All-CUSA with two INT. 2026 Boise senior transfer, project quality secondary play but FBS conference transition tempers high-confidence breakout.",https://broncosports.com/sports/football/roster/jerico-washington-jr/14415
boise-state|loganbrantley,Boise State,Logan Brantley,Front Seven,SR,80,HIGH UPSIDE,VOLATILE,injury / small-sample / role-transition context and high modeled spread,MODERATE,18,35,29,18,6,6,6,HIGH,UNCONFIRMED,INJURY_CONTEXT|UNCERTAIN_2027_ELIGIBILITY,"Kansas 2025 reserve LB: just eight tackles and 1.5 TFL in 12 appearances; played four games in 2024 before injury. Official Boise 2026 senior transfer, role upside is possible from a tiny Power-4 sample, but no demonstrated dominant starting production.",https://broncosports.com/sports/football/roster/logan-brantley/14397
boise-state|madduxmadsen,Boise State,Maddux Madsen,QB,5TH,88,STEADY,ESTABLISHED,credible existing college level or modal steady outlook; no guaranteed step forward,SUPPORTED,4,20,59,17,3,3,5,LOW,0,,"Boise State 2026 FIFTH-YEAR QB and multi-year starter was 2025 Mountain West Championship Offensive MVP; earned 2024 All-Mountain West honorable mention and entered 2026 on Maxwell, Walter Camp, Unitas and Wuerffel watch lists. Strong sustained conference starter/field processing, with limited gigantic further breakout runway and meaningful NFL evaluation despite questions over size. Entered college 2022, modeled last normal eligible year 2026.",https://broncosports.com/sports/football/roster/maddux-madsen/14321
boise-state|mattwagner,Boise State,Matt Wagner,TE,SR,84,RISING,ASCENDING,sourced opportunity or demonstrated progression with sizeable improvement odds,SUPPORTED,12,34,42,12,4,4,5,MEDIUM,UNCONFIRMED,UNCERTAIN_2027_ELIGIBILITY,"Boise 2025 TE: 24 receptions, 251 yards and one TD in 14 games/ten starts, after nine 2024 starts and blocking production. 2026 Earl Campbell weekly honorable mention in September suggests early expanded usage, but baseline is possession/blocking TE, not proven major volume.",https://broncosports.com/sports/football/roster/matt-wagner/14269
boise-state|maxstege,Boise State,Max Stege,Front Seven,SR,85,RISING,ESTABLISHED,credible existing college level or modal steady outlook; no guaranteed step forward,SUPPORTED,9,33,43,15,4,4,6,MEDIUM,UNCONFIRMED,RISING_LABEL_OBSCURES_STEADY_MODE|UNCERTAIN_2027_ELIGIBILITY,"Boise 2025 starting edge: 27 tackles and seven TFL in all 14 starts, building on sacks and rotational tackles in 2024. 2026 senior preseason all-Pac-12 recognition, realistic mature-role steady/improvement profile with modest disruptive upside.",https://broncosports.com/sports/football/roster/max-stege/14258
boise-state|mikaioedward,Boise State,Mikaio Edward,Front Seven,SR,83,RISING,ASCENDING,sourced opportunity or demonstrated progression with sizeable improvement odds,SUPPORTED,16,34,34,16,6,6,6,HIGH,UNCONFIRMED,UNCERTAIN_2027_ELIGIBILITY,"Central Washington Division II 2025 all-Lone Star first-team interior DL: 41 tackles, nine TFL, seven sacks in 12 games, after league Defensive Freshman of Year 2024. Boise 2026 senior transfer has meaningful production but major level-of-competition jump; high volatility, no fabricated FBS sacks.",https://broncosports.com/sports/football/roster/mikaio-edward/14405
boise-state|raseanjones,Boise State,Rasean Jones,WR,FR,87,HIGH UPSIDE,EMERGING,early college career + individually modeled development runway,LIMITED,21,43,28,8,7,7,4,HIGH,UNCONFIRMED,UNCERTAIN_ROLE_OR_COMPETITION|THIN_SAMPLE,"Boise official 2026 true freshman receiver, no verified college season statistics in player bio. High school three-star multi-phase athlete with 2025 senior-year 17 catches/345 yards/two TD and 629 rushing yards/ten TD; developmental projection stays high-uncertainty, 2027 NFL Draft ineligible.",https://broncosports.com/sports/football/roster/rasean-jones/14382
boise-state|romantillmon,Boise State,Roman Tillmon,Secondary,SR,84,RISING,ESTABLISHED,credible existing college level or modal steady outlook; no guaranteed step forward,MODERATE,8,28,48,16,4,4,5,MEDIUM,UNCONFIRMED,UNCERTAIN_ROLE_OR_COMPETITION|RISING_LABEL_OBSCURES_STEADY_MODE|UNCERTAIN_2027_ELIGIBILITY,"South Dakota 2025 FCS safety: 94 tackles (second on team), 2.5 TFL, six pass breakups and forced fumble; 2024 three starts/19 tackles. Boise 2026 senior transfer with extensive FCS tackling production but coverage and higher-level fit remain to be established.",https://broncosports.com/sports/football/roster/roman-tillmon/14424
boise-state|sherrodsmith,Boise State,Sherrod Smith,Secondary,JR,84,RISING,ASCENDING,sourced opportunity or demonstrated progression with sizeable improvement odds,LIMITED,14,37,37,12,5,5,5,MEDIUM,UNCONFIRMED,THIN_SAMPLE,"Boise 2025 played 12 games/two starts with an interception vs App State and strong late coverage (five catches allowed on 17 targets final three games). College of San Mateo 2024 first-team All-Bay 6 and four INT. 2026 junior opportunity for larger role, not already a full-time starter.",https://broncosports.com/sports/football/roster/sherrod-smith/14344
boise-state|siregaines,Boise State,Sire Gaines,RB,JR,88,RISING,ESTABLISHED,credible existing college level or modal steady outlook; no guaranteed step forward,MODERATE,11,37,39,13,5,5,5,MEDIUM,UNCONFIRMED,INJURY_CONTEXT,"2025 Boise running back: 811 rushing yards and eight TD in 14 games/two starts, 88.9 cited PFF rushing grade. 2024 true-freshman season cut after three games by injury; 2026 junior can expand workload behind established Dylan Riley but RB sharing tempers breakout.",https://broncosports.com/sports/football/roster/sire-gaines/14303
boise-state|travisanderson,Boise State,Travis Anderson,Secondary,JR,86,HIGH UPSIDE,ASCENDING,sourced opportunity or demonstrated progression with sizeable improvement odds,SUPPORTED,18,41,30,11,6,6,5,HIGH,UNCONFIRMED,,"Boise 2025 defensive back reserve: six tackles in 14 appearances, after playing four 2024 games to preserve redshirt. Official 2026 junior, meaningful role-growth room but little demonstrated defensive workload and higher portal risk than established starters.",https://broncosports.com/sports/football/roster/travis-anderson/14278
byu|bearbachmeier,BYU,Bear Bachmeier,QB,SO,86,RISING,ASCENDING,sourced opportunity or demonstrated progression with sizeable improvement odds,SUPPORTED,12,37,40,11,6,6,5,HIGH,UNCONFIRMED,,"BYU 2025 true freshman Big 12 Offensive Freshman of the Year: 2,708 passing yards, 14 passing TD, 527 rushing yards and 11 rushing TD in regular season. Sophomore in 2026 with real dual-threat runway. 2027 NFL declaration blocked by the three-years-out-of-high-school rule; higher improvement ceiling and normal young-QB volatility.",https://byucougars.com/news/2025/12/18/bachmeier-named-247sports-true-freshman-all-american | https://byucougars.com/sports/football/roster/player/bear-bachmeier
byu|bodieschoonover,BYU,Bodie Schoonover,Front Seven,SR,81,RISING,ESTABLISHED,credible existing college level or modal steady outlook; no guaranteed step forward,LIMITED,5,24,56,15,3,3,5,LOW,0,THIN_SAMPLE|RISING_LABEL_OBSCURES_STEADY_MODE,"BYU 2026 redshirt senior defensive end, first college 2022 redshirt, then eight games in 2023 and 13 in 2024. Earned 10 starts in 14 games in 2025, producing 38 tackles, 6.5 tackles for loss, 3 sacks and 3 pass breakups. Multi-year role rise is proven, with mainly steady and modest improvement projections. Regular five-year clock normally exhausted after 2026 without exceptional waiver; graduation is gameplay inference.",https://byucougars.com/sports/football/roster/player/bodie-schoonover
byu|cadeuluave,BYU,Cade Uluave,Front Seven,SR,88,RISING,ESTABLISHED,credible existing college level or modal steady outlook; no guaranteed step forward,LIMITED,5,23,58,14,3,3,5,LOW,UNCONFIRMED,THIN_SAMPLE|RISING_LABEL_OBSCURES_STEADY_MODE|UNCERTAIN_2027_ELIGIBILITY,"BYU senior linebacker transferred from California after 2025 first-team All-ACC honors with approximately 100 tackles, 12 tackles for loss and an established multi-year ACC starting résumé. Mature proven run/coverage processing strongly favors steadiness and 2027 professional decision; limited evidence for a late giant breakout. Enrolled 2023, senior does not certify eligibility is exhausted.",https://byucougars.com/sports/football/roster/player/cade-uluave
byu|cannondevries,BYU,Cannon DeVries,Secondary,SO,76,HIGH UPSIDE,EMERGING,early college career + individually modeled development runway,LIMITED,18,39,31,12,7,7,5,HIGH,UNCONFIRMED,THIN_SAMPLE,"BYU 2026 sophomore corner with primarily special-teams duty during 2025; official team bio lists 14 2025 appearances but only four defensive tackles and half TFL. No established full-time college coverage season: development is workload-dependent and uncertain, not justified by high-school honors. First-year 2025 prevents 2027 NFL declaration.",https://byucougars.com/sports/football/roster/player/cannon-devries
byu|evanjohnson,BYU,Evan Johnson,Secondary,SR,89,STEADY,ESTABLISHED,credible existing college level or modal steady outlook; no guaranteed step forward,SUPPORTED,4,18,61,17,2,2,5,LOW,0,,"BYU 2026 redshirt senior corner was a full-time 2025 defensive starter across 14 games, starting 13 and recording 47 tackles, five interceptions and eight pass breakups with Big 12 honorable mention. Established ballhawk in a proven Power Four workload; repeat coverage is likelier than another massive interception-driven leap, and turnover regression remains plausible. Initial matriculation 2022 implies final normal college year 2026.",https://byucougars.com/sports/football/roster/player/evan-johnson
byu|faletausatuala,BYU,Faletau Satuala,Secondary,JR,88,RISING,ESTABLISHED,credible existing college level or modal steady outlook; no guaranteed step forward,MODERATE,6,27,55,12,3,3,4,LOW,UNCONFIRMED,RISING_LABEL_OBSCURES_STEADY_MODE,"BYU junior safety earned 2025 All-American recognition with about 84 tackles and regular physical run and pass support. Entered college 2024, so 2027 NFL eligible; strong established second-year impact merits high steady rather than recruiting-hype development. College seniority not automatically eligibility loss.",https://byucougars.com/sports/football/roster/player/faletau-satuala
byu|hunterclegg,BYU,Hunter Clegg,Front Seven,SO,78,HIGH UPSIDE,EMERGING,early college career + individually modeled development runway,SUPPORTED,20,39,26,15,7,7,5,HIGH,UNCONFIRMED,,"BYU sophomore defensive end entered college 2025 and official 2026 roster emphasizes high-school defensive résumé more than verified 2025 extended college participation. No claimed college sack totals or guaranteed starting impact. Potential technique and usage growth is meaningful, with substantial role volatility; 2027 NFL draft ineligible.",https://byucougars.com/sports/football/roster/player/hunter-clegg
byu|jojophillips,BYU,Jojo Phillips,WR,JR,79,RISING,ASCENDING,sourced opportunity or demonstrated progression with sizeable improvement odds,SUPPORTED,14,34,33,19,6,6,6,HIGH,UNCONFIRMED,,"BYU 2026 redshirt junior receiver whose 2025 eight games and six starts were disrupted by missed time; caught 14 passes for 161 yards. Earlier 2024 season included 13 games and two starts. A healthier bigger target role could raise results, but missed games, transfer competition and limited full-season production create genuine downside. First entered 2023 and can enter 2027 NFL Draft; currently not a likely declaration.",https://byucougars.com/sports/football/roster/player/jojo-phillips
byu|keanutanuvasa,BYU,Keanu Tanuvasa,Front Seven,SR,89,STEADY,ESTABLISHED,credible existing college level or modal steady outlook; no guaranteed step forward,SUPPORTED,5,20,60,15,3,3,5,LOW,0,,"BYU 2026 redshirt senior defensive tackle transferred after Utah, starting all 14 BYU games in 2025 with 25 tackles, 4.5 TFL, 2 sacks and three pass breakups, following extensive Utah front-seven starts. Proven veteran gap responsibility with modest pass-rush ceiling and strong steady scenario. 2022 collegiate entry and 2026 redshirt senior status imply normal final-year exit.",https://byucougars.com/sports/football/roster/season/2025/player/keanu-tanuvasa
byu|kylerkasper,BYU,Kyler Kasper,WR,JR,82,RISING,VOLATILE,injury / small-sample / role-transition context and high modeled spread,MODERATE,16,34,31,19,6,6,6,HIGH,UNCONFIRMED,INJURY_CONTEXT,BYU 2026 redshirt junior WR transfer from Oregon has limited reliably documented feature-receiver college production on current BYU profile. A new receiving opportunity and prior injury/usage history support a wide range from breakout to reduced snaps. Avoid inferring elite current college play from recruiting reputation or size; 2023 college entry permits 2027 declaration but evidence does not support high draft odds.,https://byucougars.com/sports/football/roster/player/kyler-kasper
byu|legendglasker,BYU,Legend Glasker,WR,FR,88,HIGH UPSIDE,EMERGING,early college career + individually modeled development runway,SUPPORTED,20,42,26,12,8,8,5,HIGH,UNCONFIRMED,,BYU true freshman 2026 wide receiver bio mainly provides prep receiving and multi-sport context without an established 2025 college season or authenticated substantial 2026 FBS target workload. Prep stats are not college production. Young-player upside and usage uncertainty dominate; college matriculation 2026 bars 2027 NFL Draft.,https://byucougars.com/sports/football/roster/player/legend-glasker
byu|ljmartin,BYU,LJ Martin,RB,SR,93,STEADY,PLATEAUING,documented established output + high steady probability / little further grade headroom,MODERATE,3,17,65,15,2,2,5,LOW,UNCONFIRMED,UNCERTAIN_2027_ELIGIBILITY,"BYU senior running back and 2025 Big 12 Offensive Player of the Year, first-team All-Big 12 after 236 carries for 1,305 yards and 12 touchdowns plus 36 catches/255 yards; 2024 723 rushing yards/seven TD and 2023 518/four TD. Mature three-season demonstrated RB production, near talent ceiling and high 2027 NFL exit probability, not automatic fourth-year eligibility exhaustion.",https://byucougars.com/sports/football/roster/season/2025/player/lj-martin
byu|nusitaumoepeau,BYU,Nusi Taumoepeau,Front Seven,SO,80,HIGH UPSIDE,EMERGING,early college career + individually modeled development runway,SUPPORTED,19,38,28,15,7,7,5,HIGH,UNCONFIRMED,,"BYU 2026 sophomore interior defensive lineman. Team profile centers on high-school play; no robust individually confirmed 2025/2026 college snaps or sack totals in the roster summary, so avoid overstating demonstrated impact. NFL rule precludes 2027 Draft based on 2025 college start. More snaps could produce a developmental leap, with equally meaningful rotation risk.",https://byucougars.com/sports/football/roster/player/nusi-taumoepeau
byu|prestonrex,BYU,Preston Rex,RB,SR,76,RISING,VOLATILE,injury / small-sample / role-transition context and high modeled spread,MODERATE,15,33,34,18,5,5,6,HIGH,0,INJURY_CONTEXT|UNCERTAIN_ROLE_OR_COMPETITION,"BYU 2026 redshirt senior moved from safety to running back; previous BYU years were primarily reserve/special teams with one injury-shortened 2024 appearance, not a proven college feature-back résumé. Position change makes offensive playing time uncertain and year-two development volatile, but 2022 collegiate entry implies 2026 ordinary eligibility exhaustion. No justification to label probable 2027 NFL entrant based solely on final year.",https://byucougars.com/sports/football/roster/player/preston-rex
byu|tausiliakana,BYU,Tausili Akana,Front Seven,JR,84,RISING,ASCENDING,sourced opportunity or demonstrated progression with sizeable improvement odds,SUPPORTED,15,33,37,15,5,5,6,MEDIUM,UNCONFIRMED,,"BYU 2026 redshirt junior defensive end transferred from Texas. In 2025 BYU bio reports 13 appearances, 15 tackles, 3.5 TFL, 0.5 sack and six QB hurries; still developing from rotation into more consistent pass-rush role. First college enrollment 2023 allows 2027 NFL Draft eligibility but established professional departure risk modest.",https://byucougars.com/sports/football/roster/season/2025/player/tausili-akana
byu|therrianalexanderiii,BYU,Therrian Alexander III,Secondary,JR,78,RISING,VOLATILE,injury / small-sample / role-transition context and high modeled spread,MODERATE,15,35,34,16,6,6,5,HIGH,UNCONFIRMED,UNCERTAIN_ROLE_OR_COMPETITION,"BYU 2026 junior corner; available official biography provides position/class and prep profile but no verified multi-year 2025 full-time coverage record for individual. Further role and film review needed before confident college ceiling claim, so current draft and progression outlook explicitly low-confidence and growth/usage volatile. First college matriculation 2024 permits a 2027 draft decision.",https://byucougars.com/sports/football/roster/season/2025/player/therrian-alexander
byu|tommyprassas,BYU,Tommy Prassas,Secondary,SO,80,RISING,ASCENDING,sourced opportunity or demonstrated progression with sizeable improvement odds,LIMITED,12,35,38,15,5,5,5,MEDIUM,UNCONFIRMED,THIN_SAMPLE,"BYU 2026 redshirt sophomore safety first played in 2024, with Big 12 defensive freshman HM, first career interception and a scoop-and-score on special teams. Redshirted 2025 after four regular-season appearances plus title/bowl games, starting two at nickel and recording nine tackles. Has legitimate ball-hawk role upside but a modest 2025 defensive sample. Crucially, 2024 first entry means NFL 2027 possible despite redshirt-sophomore class.",https://byucougars.com/sports/football/roster/player/tommy-prassas
byu|walkerlyons,BYU,Walker Lyons,TE,JR,84,RISING,ESTABLISHED,credible existing college level or modal steady outlook; no guaranteed step forward,SUPPORTED,11,34,40,15,5,5,5,MEDIUM,UNCONFIRMED,,"BYU 2026 junior TE transferred from USC. At USC in 2024 appeared in 11 games with three starts, and in 2025 caught 20 passes for 223 yards and two TD in 12 games. Functional receiving experience and transfer opportunity support solid growth without inventing tight-end elite production; entered college 2024, potentially 2027 draft-eligible.",https://byucougars.com/sports/football/roster/player/walker-lyons
florida|aaronphilo,Florida,Aaron Philo,QB,JR,87,RISING,ESTABLISHED,credible existing college level or modal steady outlook; no guaranteed step forward,LIMITED,10,35,42,13,5,5,5,MEDIUM,UNCONFIRMED,UNCERTAIN_ROLE_OR_COMPETITION|THIN_SAMPLE,"Florida 2026 JUNIOR QB transferred from Georgia Tech; through five Gators starts completed 84-of-121 passes (69.4%) for 1,114 yards/eight pass TD/two interceptions, plus three rushing TD and 165.3 efficiency rating. Existing Georgia Tech experience and fast 2026 SEC start justify above-base prospect growth without blindly assuming a small-sample 2027 Heisman. First college enrollment 2024 means 2027 NFL eligible.",https://floridagators.com/sports/football/roster/aaron-philo/18345
florida|amirjackson,Florida,Amir Jackson,TE,JR,80,RISING,ASCENDING,sourced opportunity or demonstrated progression with sizeable improvement odds,LIMITED,12,36,38,14,5,5,5,MEDIUM,UNCONFIRMED,THIN_SAMPLE,"Florida junior TE, in 2026 first three starts delivered five receptions for 106 yards and a touchdown, with early high SEC run-blocking grades (78.4 PFF cited by school). Authentic expanded blocking and receiving responsibilities, though low catch volume limits certainty of a major breakout; 2024 initial enrollment makes 2027 NFL entry possible.",https://floridagators.com/sports/football/roster/amir-jackson/18269
florida|benhanksiii,Florida,Ben Hanks III,Secondary,SO,78,RISING,ESTABLISHED,credible existing college level or modal steady outlook; no guaranteed step forward,LIMITED,9,32,46,13,5,5,5,MEDIUM,UNCONFIRMED,THIN_SAMPLE|RISING_LABEL_OBSCURES_STEADY_MODE,"Florida 2026 sophomore corner: first five starts, 15 tackles (14 solo), two PBUs and a TFL, with 184 yards allowed on 27 targets in school metrics. Young starter has coverage/technique development room with realistic target-based regression; entered college in 2025, so 2027 NFL Draft is unavailable.",https://floridagators.com/sports/football/roster/ben-hanks-iii/18266
florida|brendanbett,Florida,Brendan Bett,Front Seven,SR,80,RISING,ESTABLISHED,credible existing college level or modal steady outlook; no guaranteed step forward,LIMITED,7,25,52,16,4,4,5,MEDIUM,UNCONFIRMED,THIN_SAMPLE|RISING_LABEL_OBSCURES_STEADY_MODE|UNCERTAIN_2027_ELIGIBILITY,"Florida senior DL arrived from Baylor: started 12 games in 2025 and posted 39 tackles/four TFL/three sacks, then first five 2026 starts with 14 tackles/three TFL and forced fumble. School cited 82.9 PFF run-defense grade; proven run anchor rather than a speculative elite pass-rusher. Fourth-year label does not prove eligibility exhausted.",https://floridagators.com/sports/football/roster/brendan--bett/18252
florida|brycethornton,Florida,Bryce Thornton,Secondary,SR,87,RISING,ESTABLISHED,credible existing college level or modal steady outlook; no guaranteed step forward,LIMITED,6,25,52,17,4,4,5,MEDIUM,UNCONFIRMED,THIN_SAMPLE|RISING_LABEL_OBSCURES_STEADY_MODE|UNCERTAIN_2027_ELIGIBILITY,"Florida 2026 senior safety and multiyear Gators starter with 2024 SEC defensive weekly recognition, through first five 2026 starts recorded 13 tackles and a PBU. Demonstrated coverage/safety workload across seasons suggests mostly steady current level, with tackle/target variation more credible than an unsubstantiated massive breakout.",https://floridagators.com/sports/football/roster/bryce-thornton/18302
florida|cormanimcclain,Florida,Cormani McClain,Secondary,SR,84,RISING,VOLATILE,injury / small-sample / role-transition context and high modeled spread,LIMITED,9,29,42,20,5,5,6,HIGH,UNCONFIRMED,INJURY_CONTEXT|UNCERTAIN_ROLE_OR_COMPETITION|THIN_SAMPLE|RISING_LABEL_OBSCURES_STEADY_MODE|UNCERTAIN_2027_ELIGIBILITY,"Florida senior corner originally at Colorado; 2026 first five games as Gators starter included eight tackles and an interception vs Auburn. Changes of school, role and earlier uneven usage/injuries make a genuine comeback possible, but recruiting pedigree does not replace a strong verified 2025 starting sample. Wider volatility and modest NFL declaration chance.",https://floridagators.com/sports/football/roster/cormani-mcclain/18287
florida|dallaswilson,Florida,Dallas Wilson,WR,SO,86,RISING,ESTABLISHED,credible existing college level or modal steady outlook; no guaranteed step forward,MODERATE,11,37,40,12,5,5,5,MEDIUM,UNCONFIRMED,INJURY_CONTEXT,"Florida 2026 sophomore WR: school lists 18 catches for 302 yards and three receiving TD plus rushing TD through first five games, after 2025 injury-reduced redshirt season with 12 catches/174 yards/three TD and record-setting freshman Texas debut. More healthy 2027 target volume plausible with established SEC game flashes; first college entry 2025 bars 2027 NFL draft.",https://floridagators.com/sports/football/roster/dallas-wilson/18309
florida|djcoleman,Florida,DJ Coleman,Secondary,SR,88,RISING,ESTABLISHED,credible existing college level or modal steady outlook; no guaranteed step forward,SUPPORTED,6,23,57,14,3,3,5,MEDIUM,UNCONFIRMED,RISING_LABEL_OBSCURES_STEADY_MODE|UNCERTAIN_2027_ELIGIBILITY,"Florida senior defensive back from Baylor started 2026 first five contests with 14 tackles, three pass breakups and team-leading two interceptions. Multi-school 2025 background and target-based takeaway variation favor repeat coverage over a sudden superstar breakout; senior class not certified graduation.",https://floridagators.com/sports/football/roster/dj-coleman/18321
florida|dukeclark,Florida,Duke Clark,RB,SO,88,RISING,ASCENDING,sourced opportunity or demonstrated progression with sizeable improvement odds,SUPPORTED,13,38,37,12,6,6,5,HIGH,UNCONFIRMED,,"Florida sophomore RB had 2026 early breakout in five games with 33 carries/260 yards/three TD plus three catches/26 yards and receiving TD. Efficient explosive 7.9 yards/carry may regress with greater volume, but role growth is demonstrated rather than just high-school potential. First enrolled 2025 makes 2027 draft unavailable.",https://floridagators.com/sports/football/roster/duke-clark/18258
florida|ericsingletonjr,Florida,Eric Singleton Jr.,WR,SR,87,RISING,ESTABLISHED,credible existing college level or modal steady outlook; no guaranteed step forward,MODERATE,15,32,29,24,5,5,7,HIGH,UNCONFIRMED,UNCERTAIN_2027_ELIGIBILITY,Florida senior WR transferred via Georgia Tech and Auburn after a 2023 FWAA Freshman All-American season and All-ACC honors in 2023–24; first three Florida games in 2026 produced only two catches for 47 yards. Real previous explosive college talent supports bounce-back but new role and current low workload create important downside/usage volatility; do not grade NFL risk from recruitment fame.,https://floridagators.com/sports/football/roster/eric-singleton-jr/18349
florida|evanpryor,Florida,Evan Pryor,RB,6TH,81,RISING,VOLATILE,injury / small-sample / role-transition context and high modeled spread,MODERATE,14,29,33,24,5,5,7,HIGH,0,INJURY_CONTEXT,"Official Florida 2026 SIXTH-YEAR RB from Ohio State/Cincinnati. First five 2026 games just 12 rushes for 50 yards and three receptions/nine yards; demonstrated rotational role, not a current bellcow. Injury history and transfers imply potential fit rebound but substantial decline/availability risk. Original 2021 college entry and sixth-year class mean no normal 2027 year without a special ruling.",https://floridagators.com/sports/football/roster/evan-pryor/18346
florida|jadanbaugh,Florida,Jadan Baugh,RB,JR,98,DECLINE RISK,PLATEAUING,documented established output + high steady probability / little further grade headroom,MODERATE,2,10,70,18,1,1,6,LOW,UNCONFIRMED,INJURY_CONTEXT,"Florida junior RB ran for 1,170 yards and eight TD in 2025, then reached 613 yards/11 rushing TD through five 2026 games with SEC and national lead in rushing scoring. Proven current HQ 98 leaves almost no numerical breakout upside; only injury or effectiveness regression adds substantial uncertainty.",https://floridagators.com/sports/football/roster/jadan--baugh/18251 | https://floridagators.com/documents/download/2026/1/27/2025_SEASON_REVIEW_NOTES_-_FINAL.pdf
florida|jadenrobinson,Florida,Jaden Robinson,Front Seven,SR,77,RISING,ESTABLISHED,credible existing college level or modal steady outlook; no guaranteed step forward,SUPPORTED,7,25,52,16,4,4,5,LOW,UNCONFIRMED,RISING_LABEL_OBSCURES_STEADY_MODE|UNCERTAIN_2027_ELIGIBILITY,"Florida senior LB: started all 12 games in 2025 with 50 tackles/four TFL/two sacks, four hurries and three PBUs. In first five 2026 games logged 18 tackles, 2.5 TFL and sack as experienced middle defender. Large multi-season workload makes a steady or modest improvement more plausible than a giant 2027 breakout; draft decision possible, not guaranteed.",https://floridagators.com/sports/football/roster/jaden-robinson/18294
florida|jaydenwoods,Florida,Jayden Woods,Front Seven,SO,89,RISING,ESTABLISHED,credible existing college level or modal steady outlook; no guaranteed step forward,SUPPORTED,7,29,52,12,4,4,5,MEDIUM,UNCONFIRMED,RISING_LABEL_OBSCURES_STEADY_MODE,"Florida 2026 sophomore JACK edge followed 2025 Freshman All-SEC/PFF All-Freshman honors with five 2026 starts, 21 tackles, six TFL, four sacks and three pressures. Already standout young current ability; 2027 improvement plausible but major breakout less likely from current high baseline, while 2025 college entry precludes 2027 NFL declaration.",https://floridagators.com/sports/football/roster/jayden-woods/18310
florida|jeramiahmccloud,Florida,Jeramiah McCloud,Front Seven,SO,77,RISING,ASCENDING,sourced opportunity or demonstrated progression with sizeable improvement odds,SUPPORTED,12,38,37,13,6,6,5,MEDIUM,UNCONFIRMED,,"Florida 2026 sophomore interior DL grew from 2025 reserve 11 games/13 tackles/0.5 TFL to three starts in first five 2026 games, with 19 tackles/1.5 TFL/0.5 sacks, five hurries, two PBUs and 78.0 PFF run-defense grade. Rising snap share is real, but modest pressure production suggests developmental ceiling not automatically elite; 2025 matriculation blocks 2027 NFL draft.",https://floridagators.com/sports/football/roster/jeramiah-mccloud/18288
florida|kamranjames,Florida,Kamran James,Front Seven,SR,82,RISING,ESTABLISHED,credible existing college level or modal steady outlook; no guaranteed step forward,MODERATE,7,25,52,16,4,4,5,MEDIUM,UNCONFIRMED,RISING_LABEL_OBSCURES_STEADY_MODE|UNCERTAIN_2027_ELIGIBILITY,"Florida 2026 senior DL with first-five-game 14 tackles, two TFL, one sack and quarterback hurry. Four years in Gators program and varied role make incremental line development possible but no justification for a giant breakout from a few high-impact plays. NFL eligibility possible, not guaranteed exit or graduation.",https://floridagators.com/sports/football/roster/kamran-james/18272
florida|kanyeclark,Florida,Kanye Clark,Secondary,SR,76,RISING,ESTABLISHED,credible existing college level or modal steady outlook; no guaranteed step forward,MODERATE,7,28,48,17,4,4,5,MEDIUM,UNCONFIRMED,RISING_LABEL_OBSCURES_STEADY_MODE|UNCERTAIN_2027_ELIGIBILITY,"Florida 2026 senior STAR nickel defender arrived from UCLA and started first five games with 14 tackles, 0.5 TFL, one PBU and two QB hurries. Conference experience and current hybrid workload establish functional defense, but one-school transfer makes fit uncertainty and some modest progression appropriate. Senior college class does not prove eligibility used up.",https://floridagators.com/sports/football/roster/kanye-clark/18320
florida|mylesgraham,Florida,Myles Graham,Front Seven,JR,84,RISING,ESTABLISHED,credible existing college level or modal steady outlook; no guaranteed step forward,MODERATE,5,23,57,15,3,3,5,LOW,UNCONFIRMED,INJURY_CONTEXT|RISING_LABEL_OBSCURES_STEADY_MODE,"Florida junior inside LB, 2024 Freshman All-SEC and 2025 team captain; started all five games in 2026 with 33 tackles, 0.5 sack and fumble recovery to lead Gators. Proven team-level defense and consistent tackle volume favor strong steady probability and meaningful 2027 draft option, not huge upside from recruiting status.",https://floridagators.com/sports/football/roster/myles-graham/18265
florida|vernellbrowniii,Florida,Vernell Brown III,WR,SO,88,RISING,ESTABLISHED,credible existing college level or modal steady outlook; no guaranteed step forward,SUPPORTED,8,33,47,12,4,4,5,MEDIUM,UNCONFIRMED,RISING_LABEL_OBSCURES_STEADY_MODE,"Florida sophomore WR/returner and 2025 Freshman All-SEC selection; in 2026 started significant games with five catches/56 yards vs South Florida, eight/62 vs LSU, three/72 vs Texas and 77 yards/6 catches vs Texas A&M, plus return contributions. Proven current catch/return ability and role growth, but targets and punt returns fluctuate. 2025 college entry bars 2027 NFL draft.",https://floridagators.com/sports/football/roster/vernell-brown-iii/18253
georgia|chaunceybowens,Georgia,Chauncey Bowens,RB,JR,85,RISING,ESTABLISHED,credible existing college level or modal steady outlook; no guaranteed step forward,LIMITED,11,36,40,13,5,5,5,MEDIUM,UNCONFIRMED,THIN_SAMPLE,"Georgia junior RB 2025 SEC all-freshman selection after 526 rushing yards/six TD on 103 carries and three starts in 12 games; 2026 added 45 receiving yards and a TD against Western Kentucky. Behind a proven lead option in Nate Frazier, has receiving/goal-line expansion opportunities but no established elite feature volume. 2024 college matriculation means 2027 Draft eligible.",https://georgiadogs.com/sports/football/roster/Chauncey-Bowens/10542
georgia|chriscole,Georgia,Chris Cole,Front Seven,JR,84,RISING,ASCENDING,sourced opportunity or demonstrated progression with sizeable improvement odds,SUPPORTED,12,34,41,13,5,5,5,MEDIUM,UNCONFIRMED,,"Georgia junior ILB produced 59 tackles, seven TFL and 4.5 sacks in 14 games with one 2025 start, earning 2026 SEC Defensive Player of Week after Oklahoma win. 2024 SEC All-Freshman recognition and current expanded role argue more Year 2 improvement opportunity than typical veteran inside linebacker, not automatic elite breakout.",https://georgiadogs.com/sports/football/roster/chris-cole/10546
georgia|craigdandridge,Georgia,Craig Dandridge,WR,FR,76,HIGH UPSIDE,EMERGING,early college career + individually modeled development runway,MODERATE,20,42,27,11,7,7,5,HIGH,UNCONFIRMED,,"Georgia 2026 true freshman WR began with 2/36 vs Tennessee State, 2/56 vs WKU, 3/74 and first college TD at Arkansas, then receptions versus Oklahoma and Vanderbilt. This is unusually early demonstrated first-year involvement, but not a multi-season high-level profile; sizeable growth and role volatility. First enrolled 2026, earliest 2029 NFL Draft under three-years-removed rule.",https://georgiadogs.com/sports/football/roster/craig-dandridge/10712
georgia|demellojones,Georgia,Demello Jones,Secondary,JR,78,RISING,ASCENDING,sourced opportunity or demonstrated progression with sizeable improvement odds,MODERATE,12,34,40,14,5,5,5,MEDIUM,UNCONFIRMED,UNCERTAIN_ROLE_OR_COMPETITION,"Georgia junior defensive back 2025 25 tackles and five PBUs in 12 games after six reserve appearances in 2024; 2026 recorded 43-yard interception and PBU against Western Kentucky plus six tackles at Arkansas. A real young coverage impact and rising usage case, but limited sustained prior starting experience makes Year 2 somewhat volatile.",https://georgiadogs.com/sports/football/roster/demello-jones/10575
georgia|elijahgriffin,Georgia,Elijah Griffin,Front Seven,SO,88,RISING,VOLATILE,injury / small-sample / role-transition context and high modeled spread,MODERATE,13,38,35,14,6,6,5,HIGH,UNCONFIRMED,UNCERTAIN_ROLE_OR_COMPETITION|SEPARATE_HQ_GRADE_REVIEW_FLAG,"Georgia 2026 sophomore defensive lineman, 2025 14 appearances without start and 22 total tackles/2.5 TFL; 2026 started three games but only three tackles through Sept 19. New starter experience and size support legitimate growth, but 88 HQ grade could be too high relative to demonstrated production; record separately for owner grade review.",https://georgiadogs.com/sports/football/roster/elijah-griffin/10560
georgia|ellisrobinsoniv,Georgia,Ellis Robinson IV,Secondary,JR,92,STEADY,PLATEAUING,documented established output + high steady probability / little further grade headroom,LIMITED,3,16,65,16,2,2,4,LOW,UNCONFIRMED,THIN_SAMPLE,"Georgia junior CB was 2025 FWAA National Freshman Defensive Player of Year and first-team Freshman All-American with four interceptions (tied SEC lead), 20 tackles/seven PBUs over 12 starts in 14 games. 2026 remained preseason All-American and had two PBUs versus Western Kentucky. Already proven high-tier ball/coverage performer with minimal room for a giant Year 2 breakout.",https://georgiadogs.com/sports/football/roster/ellis-robinson%20iv/10682
georgia|gabeharrisjr,Georgia,Gabe Harris Jr.,Front Seven,SR,82,RISING,ESTABLISHED,credible existing college level or modal steady outlook; no guaranteed step forward,SUPPORTED,8,28,46,18,4,4,5,MEDIUM,UNCONFIRMED,RISING_LABEL_OBSCURES_STEADY_MODE|UNCERTAIN_2027_ELIGIBILITY,"Georgia senior edge 2025 started 13 games, 26 tackles, 6.5 TFL and a sack following a 2024 14-tackle, two-sack reserve season. Early 2026 started games with sacks vs Western Kentucky and Vanderbilt. This is a multi-year SEC rotation-to-starter rise with moderate further pass-rush improvement, rather than a high-grade breakout guarantee; fourth-year status alone does not prove graduation.",https://georgiadogs.com/sports/football/roster/gabe-harris-jr/10563
georgia|gunnerstockton,Georgia,Gunner Stockton,QB,5TH,93,STEADY,ESTABLISHED,credible existing college level or modal steady outlook; no guaranteed step forward,MODERATE,5,17,52,26,3,3,6,LOW,0,,"Enrolled January 2022 and Georgia 2026 official fifth-year QB; normal 2026 season exhausts five-year period under both 2026 transitional rules, absent a documented exceptional waiver.",https://georgiadogs.com/sports/football/roster/gunner-stockton/10603 | https://www.ncaa.org/news/division-i-adopts-age-based-eligibility-model/
georgia|isiahcanion,Georgia,Isiah Canion,WR,JR,84,RISING,ESTABLISHED,credible existing college level or modal steady outlook; no guaranteed step forward,LIMITED,11,32,41,16,5,5,5,MEDIUM,UNCONFIRMED,THIN_SAMPLE,"Georgia junior WR transferred from Georgia Tech for 2026 after a 2025 sophomore season of 33 receptions, 480 yards and four TD in 12 starts; 2024 freshman six catches for 83 yards. In first three 2026 Georgia games logged just three receptions/28 yards despite starts, so both role expansion and disappointing production paths are plausible. 2024 first enrollment permits 2027 declaration but limited elite receiving proof.",https://georgiadogs.com/sports/football/roster/isiah-canion/10709
georgia|jordanhall,Georgia,Jordan Hall,Front Seven,SR,81,RISING,ESTABLISHED,credible existing college level or modal steady outlook; no guaranteed step forward,MODERATE,9,29,42,20,4,4,6,MEDIUM,UNCONFIRMED,INJURY_CONTEXT|RISING_LABEL_OBSCURES_STEADY_MODE|UNCERTAIN_2027_ELIGIBILITY,"Georgia senior interior DL began college 2023 and saw 2025 injuries/minutes limit him to eight starts and 12 tackles/2.0 TFL; 2026 early four games featured a comeback watchlist, field-goal block and two TFL. Interior gap work matters beyond tackle counts; injury-recovery range warrants meaningful upside and downside, unlike automatic old-veteran low volatility.",https://georgiadogs.com/sports/football/roster/jordan-hall/10561
georgia|khalilbarnes,Georgia,Khalil Barnes,Secondary,SR,84,STEADY,ESTABLISHED,credible existing college level or modal steady outlook; no guaranteed step forward,SUPPORTED,5,22,55,18,3,3,5,MEDIUM,UNCONFIRMED,UNCERTAIN_2027_ELIGIBILITY,"Georgia 2026 senior safety transfer from Clemson: 2023 41 tackles, three interceptions and 2024 60 tackles/four INT; 2025 46 tackles/five PBU in 10 games/nine starts. Started 2026 in a new SEC system with PBUs and early run support. Proven multi-year production but transfer fit and ball-turnover regression create moderate volatility.",https://georgiadogs.com/sports/football/roster/khalil-barnes/10705
georgia|kjbolden,Georgia,KJ Bolden,Secondary,JR,99,STEADY,PLATEAUING,documented established output + high steady probability / little further grade headroom,SUPPORTED,2,13,70,15,1,0,4,LOW,UNCONFIRMED,NUMERIC_GRADE_CEILING,"Georgia junior safety: 2025 76 tackles, two INT and five PBUs while starting all 14 games, Second Team All-American and All-SEC. In 2026 opening five games added a pick against Oklahoma and seven solo stops vs Vanderbilt, stabilizing elite near-99 HQ profile. Further full-grade breakout improbable; very high NFL exit estimate, not guaranteed.",https://georgiadogs.com/sports/football/roster/kj-bolden/10541
georgia|kyronjones,Georgia,Kyron Jones,Secondary,SR,76,RISING,ESTABLISHED,credible existing college level or modal steady outlook; no guaranteed step forward,MODERATE,9,29,43,19,5,5,5,MEDIUM,UNCONFIRMED,INJURY_CONTEXT|RISING_LABEL_OBSCURES_STEADY_MODE|UNCERTAIN_2027_ELIGIBILITY,"Georgia senior DB with six starts in 2025, 24 tackles and fumble recovery, including 10 tackles versus Tennessee; previous 2024 role was mostly reserve. Early 2026 featured short rotations and three solo stops across opening games. More consistent starting work is possible but injury/role uncertainty and little multi-year top-tier coverage production keep early NFL declaration low.",https://georgiadogs.com/sports/football/roster/kyron-jones/10576
georgia|lawsonluckie,Georgia,Lawson Luckie,TE,SR,87,RISING,ESTABLISHED,credible existing college level or modal steady outlook; no guaranteed step forward,SUPPORTED,6,24,55,15,3,3,5,LOW,UNCONFIRMED,RISING_LABEL_OBSCURES_STEADY_MODE|UNCERTAIN_2027_ELIGIBILITY,"Georgia senior tight end, 2025 all 14 games/seven starts, 15 catches for 158 yards/four TD including a historic three-TD Ole Miss game. 2026 caught three for 59 yards/TD at Arkansas and another 43-yard catch at Vanderbilt. Established red-zone and blocking contributor with limited statistical receiving volume and modest major breakout probability.",https://georgiadogs.com/sports/football/roster/lawson-luckie/10580
georgia|natefrazier,Georgia,Nate Frazier,RB,JR,92,RISING,ESTABLISHED,credible existing college level or modal steady outlook; no guaranteed step forward,SUPPORTED,9,33,47,11,5,5,4,MEDIUM,UNCONFIRMED,RISING_LABEL_OBSCURES_STEADY_MODE,"Georgia junior RB 2025 861 rushing yards/six TD on 158 carries plus receiving TD, with 10 starts in 14 games and All-SEC Third Team. 2026 first three games 72yd/threeTD against Tennessee State, 55yd/TD WKU, 75yd/TD Arkansas. Steady power-run SEC evidence and opportunity justify moderate improvement, not generic junior regression or automatic elite max-ceiling.",https://georgiadogs.com/sports/football/roster/nate-frazier/10638
georgia|quintaviusjohnson,Georgia,Quintavius Johnson,Front Seven,JR,80,RISING,ESTABLISHED,credible existing college level or modal steady outlook; no guaranteed step forward,SUPPORTED,8,29,48,15,4,4,5,MEDIUM,UNCONFIRMED,RISING_LABEL_OBSCURES_STEADY_MODE,"Georgia junior OLB started all 14 games in 2025 with 35 tackles, six TFL, two sacks and five pass breakups following four reserve tackles in 2024. Through four 2026 games logged seven tackles, 1.5 TFL and a pass breakup across four starts. Real role and SEC film support useful starter trajectory, but early lower-count 2026 production argues against inflation to elite rush dominance.",https://georgiadogs.com/sports/football/roster/quintavius-johnson/10573
georgia|raylenwilson,Georgia,Raylen Wilson,Front Seven,SR,89,STEADY,ESTABLISHED,credible existing college level or modal steady outlook; no guaranteed step forward,MODERATE,4,20,61,15,3,3,5,LOW,UNCONFIRMED,UNCERTAIN_2027_ELIGIBILITY,"Georgia senior ILB, SEC All-Freshman in 2023 and established multi-season starter/rotation role. 2026 through Oklahoma produced career-best 11 tackles, one sack, 1.5 TFL and a forced fumble; also two sacks at Arkansas. Demonstrated impact supports high steady likelihood with muted senior-era breakout and strong 2027 Draft exit probability.",https://georgiadogs.com/sports/football/roster/raylen-wilson/10702
georgia|sacoviewhitehelton,Georgia,Sacovie White Helton,WR,JR,79,RISING,ASCENDING,sourced opportunity or demonstrated progression with sizeable improvement odds,SUPPORTED,15,38,33,14,6,6,5,HIGH,UNCONFIRMED,,"Georgia junior slot/return WR played all 14 2025 games but only eight receptions for 70 yards, plus five punt returns for 57 yards. In 2026 turned one reception into a 70-yard touchdown versus Western Kentucky. Explosive play provides real evidence of sudden-play utility, yet limited sustained target usage makes breakout and week-to-week inconsistency credible; not proven NFL-ready WR solely on one catch.",https://georgiadogs.com/sports/football/roster/sacovie-white/10611
georgia|talyntaylor,Georgia,Talyn Taylor,WR,SO,83,RISING,ASCENDING,sourced opportunity or demonstrated progression with sizeable improvement odds,MODERATE,16,42,31,11,6,6,5,HIGH,UNCONFIRMED,UNCERTAIN_ROLE_OR_COMPETITION,"Georgia sophomore WR played only six reserve games with two catches/28 yards as 2025 freshman, then in first four 2026 games posted TD catches against Tennessee State, WKU and Oklahoma, including 110 yards/four catches versus Oklahoma. Real breakout trajectory from limited 2025 sample, but not a settled two-year star; 2025 college entry bars 2027 NFL Draft.",https://georgiadogs.com/sports/football/roster/talyn-taylor/10690
houston|amarethomas,Houston,Amare Thomas,WR,SR,91,RISING,ESTABLISHED,credible existing college level or modal steady outlook; no guaranteed step forward,SUPPORTED,5,22,61,12,3,3,5,LOW,UNCONFIRMED,RISING_LABEL_OBSCURES_STEADY_MODE|UNCERTAIN_2027_ELIGIBILITY,"Houston 2025 first-team All-Big 12 receiver: 67 catches, 966 yards, 12 touchdowns, with 157 yards against Arizona and 2026 Biletnikoff/Senior Bowl preseason attention. Veteran established feature WR; modest breakout headroom and high projected 2027 draft exit.",https://uhcougars.com/sports/football/roster/amare-thomas/9909
houston|ashtonporter,Houston,Ashton Porter,Front Seven,SR,85,RISING,VOLATILE,injury / small-sample / role-transition context and high modeled spread,MODERATE,14,36,36,14,5,5,6,HIGH,UNCONFIRMED,UNCERTAIN_ROLE_OR_COMPETITION|UNCERTAIN_2027_ELIGIBILITY,"Oregon 2025 reserve DL played all 15 games but had only 20 tackles, 2.5 TFL and one sack; 25 career tackles across three seasons. Houston 2026 senior transfer offers extra reps and growth but limited established starter evidence.",https://uhcougars.com/sports/football/roster/ashton-porter/10025
houston|brandonmackii,Houston,Brandon Mack II,Front Seven,8TH,82,STEADY,VOLATILE,injury / small-sample / role-transition context and high modeled spread,MODERATE,6,26,47,21,4,4,7,HIGH,0,INJURY_CONTEXT,"Houston 2025 edge/JACK played 13 games, starting final nine, with five sacks and six TFL after 2024 39 tackles/three sacks. Official 2026 roster uniquely lists EIGHTH YEAR, supported by NCAA waiver/reclassification after Ole Miss 2019 redshirt and multiple injuries; modeled terminal 2026 eligibility, not standard senior.",https://uhcougars.com/sports/football/roster/brandon-mack-ii/9880
houston|connerweigman,Houston,Conner Weigman,QB,5TH,88,STEADY,ESTABLISHED,credible existing college level or modal steady outlook; no guaranteed step forward,MODERATE,4,21,57,18,3,3,5,LOW,0,INJURY_CONTEXT,"Houston 2026 FIFTH-YEAR QB transferred from Texas A&M after injuries/recovery, then started all 13 Cougars 2025 games and produced 25 passing plus 11 rushing TD, tying Big 12 conference lead with 36 total TD. 2026 returned on major QB award watch lists. High established dual-threat ability with injury history rather than a generic old-QB breakout; original 2022 college entry normally exhausts eligibility after 2026.",https://uhcougars.com/sports/football/roster/conner-weigman/9919
houston|demarionthomas,Houston,De'Marion Thomas,Front Seven,SR,82,RISING,VOLATILE,injury / small-sample / role-transition context and high modeled spread,MODERATE,15,37,33,15,5,5,6,HIGH,UNCONFIRMED,INJURY_CONTEXT|UNCERTAIN_2027_ELIGIBILITY,"Oklahoma State 2025 transfer DT managed 13 tackles and 0.5 TFL in four games, after starting 13 games at Vanderbilt in 2024 with 34 tackles and 1.5 sacks. Houston 2026 fresh transfer with role/injury variability and scope for rebound rather than current star projection.",https://uhcougars.com/sports/football/roster/demarion-thomas/10016
houston|jadenyates,Houston,Jaden Yates,Front Seven,SR,77,RISING,ESTABLISHED,credible existing college level or modal steady outlook; no guaranteed step forward,SUPPORTED,6,28,53,13,4,4,5,LOW,UNCONFIRMED,RISING_LABEL_OBSCURES_STEADY_MODE|UNCERTAIN_2027_ELIGIBILITY,"Houston 2026 senior LB comes from 2025 Ole Miss: nine opening starts across 14 games with 11 tackles in Tulane game; 176 career tackles over three FBS seasons. 2024 Marshall all-Sun Belt first team with 120 tackles, 7.5 TFL. Veteran high-volume tackler, steady outweighs leap.",https://uhcougars.com/sports/football/roster/jaden-yates/10019
houston|jalenmayo,Houston,Jalen Mayo,Secondary,5TH,86,RISING,ESTABLISHED,credible existing college level or modal steady outlook; no guaranteed step forward,MODERATE,7,29,47,17,4,4,6,MEDIUM,0,UNCERTAIN_ROLE_OR_COMPETITION|RISING_LABEL_OBSCURES_STEADY_MODE,"Stephen F. Austin 2025 first-team all-Southland defensive back: 48 tackles, team-joint-high four interceptions in 14 games; prior Virginia Union Division II production across two seasons. Houston official 2026 FIFTH YEAR, FCS-to-Big12 jump leaves meaningful performance variance, normal final-season modeling.",https://uhcougars.com/sports/football/roster/jalen-mayo/10009
houston|javionwhite,Houston,Javion White,Secondary,JR,76,RISING,ESTABLISHED,credible existing college level or modal steady outlook; no guaranteed step forward,SUPPORTED,8,32,48,12,4,4,5,MEDIUM,UNCONFIRMED,RISING_LABEL_OBSCURES_STEADY_MODE,"Tulane 2024-25 starting defensive back: 25 games/16 starts, four career INT, 61 tackles, five TFL and 13 PBU; 2025 third-team All-AAC with 73.9 coverage grade per official Houston bio. Houston 2026 junior P4 transfer with already demonstrated coverage and moderate upside.",https://uhcougars.com/sports/football/roster/javion-white/10014
houston|jordanallen,Houston,Jordan Allen,Secondary,5TH,88,RISING,ESTABLISHED,credible existing college level or modal steady outlook; no guaranteed step forward,SUPPORTED,7,29,51,13,4,4,5,LOW,0,RISING_LABEL_OBSCURES_STEADY_MODE,"Houston 2025 weak-safety starter all 13 games with excellent tackling efficiency: 85.5 cited PFF tackle grade, just 7.4% missed tackles; 2026 official FIFTH-YEAR classification (not legacy senior). After LSU rotational years, proven Big 12 starter with steady most likely; model normal final season.",https://uhcougars.com/sports/football/roster/jordan-allen/9838
houston|kentrellwebb,Houston,Kentrell Webb,Secondary,5TH,80,RISING,ESTABLISHED,credible existing college level or modal steady outlook; no guaranteed step forward,SUPPORTED,5,24,58,13,3,3,5,LOW,0,RISING_LABEL_OBSCURES_STEADY_MODE,"Houston 2025 free safety started all 13 games, 71 tackles and no penalties despite 39 targets; 2024 all 12 starts with 54 tackles, prior Tulane. Official 2026 fifth-year veteran, established safety near developed plateau; projected terminal year.",https://uhcougars.com/sports/football/roster/kentrell-webb/9918
houston|khalillaufau,Houston,Khalil Laufau,Front Seven,SR,80,RISING,ESTABLISHED,credible existing college level or modal steady outlook; no guaranteed step forward,SUPPORTED,7,29,50,14,4,4,5,LOW,UNCONFIRMED,RISING_LABEL_OBSCURES_STEADY_MODE|UNCERTAIN_2027_ELIGIBILITY,"Houston 2025 all-12-game starter on defensive line, preseason 2026 All-Big12/Outland watch. Earlier Washington State 2024 three starts, 16 tackles, five TFL and four sacks. Evolved from backup to experienced interior lineman; limited further breakout probability.",https://uhcougars.com/sports/football/roster/khalil-laufau/9877
houston|kobyyoung,Houston,Koby Young,WR,JR,84,RISING,ASCENDING,sourced opportunity or demonstrated progression with sizeable improvement odds,MODERATE,17,37,35,11,5,5,5,HIGH,UNCONFIRMED,,"Houston 2025 sophomore WR played all 13 games/eight starts with career-best four catches and 56 yards against West Virginia and zero drops on at least ten targets. Played just one game in 2024; full-time role now but limited breakout receiving volume, reasonable additional upside.",https://uhcougars.com/sports/football/roster/koby-young/9926
houston|makhihughes,Houston,Makhi Hughes,RB,SR,88,RISING,ESTABLISHED,credible existing college level or modal steady outlook; no guaranteed step forward,SUPPORTED,8,33,39,20,5,5,7,HIGH,UNCONFIRMED,UNCERTAIN_2027_ELIGIBILITY,"Tulane 2023 Freshman All-American and 2023-24 first-team All-AAC running back with 1,378 (2023) and 1,401 (2024) rushing yards; moved to Oregon in 2025 without reported game production on Houston official biography. Houston 2026 senior rebound candidate: exceptional older tape, yet lost recent top-level usage and transition risk.",https://uhcougars.com/sports/football/roster/makhi-hughes/10011
houston|patrickovermyer,Houston,Patrick Overmyer,TE,SR,89,RISING,ESTABLISHED,credible existing college level or modal steady outlook; no guaranteed step forward,SUPPORTED,10,35,43,12,4,4,5,MEDIUM,UNCONFIRMED,UNCERTAIN_2027_ELIGIBILITY,"UTSA 2025 receiving TE had 27 catches, 344 yards and five TD and 74.9 cited PFF offense grade; 2024 The Athletic Freshman All-American. Houston 2026 senior preseason Mackey watch; meaningful established receiving chops with opportunity for modest P4 growth.",https://uhcougars.com/sports/football/roster/patrick-overmyer/10015
houston|reshaunsanfordii,Houston,Re'Shaun Sanford II,RB,JR,85,RISING,VOLATILE,injury / small-sample / role-transition context and high modeled spread,MODERATE,17,37,27,19,6,6,7,HIGH,UNCONFIRMED,INJURY_CONTEXT,Houston 2025 sophomore RB did not play after fall-camp injury; 2024 six-start back rushed for team-high 444 yards on 94 carries and caught 18 targets for 157 yards. 2023 preseason injury/redshirt. Repeated missed seasons require substantial volatility in any 2026 rebound rather than inflated stable odds.,https://uhcougars.com/sports/football/roster/reshaun-sanford-ii/9899
houston|sionefotu,Houston,Sione Fotu,Front Seven,SR,76,RISING,ESTABLISHED,credible existing college level or modal steady outlook; no guaranteed step forward,SUPPORTED,7,27,54,12,4,4,5,LOW,UNCONFIRMED,RISING_LABEL_OBSCURES_STEADY_MODE|UNCERTAIN_2027_ELIGIBILITY,"Houston 2025 starting MIKE LB in 12 of 13 games and Big12 defensive player of week, recovered conference-high three fumbles. Prior Utah 2020/2023-24 experience with 2021-22 church mission; 2026 official senior and preseason all-Big12, highly experienced but eligibility beyond game uncertain.",https://uhcougars.com/sports/football/roster/sione-fotu/9863
houston|trentwalker,Houston,Trent Walker,WR,5TH,84,RISING,ESTABLISHED,credible existing college level or modal steady outlook; no guaranteed step forward,SUPPORTED,6,27,55,12,3,3,5,LOW,0,RISING_LABEL_OBSCURES_STEADY_MODE,"Oregon State 2025 primary receiver 68 catches, 823 yards and two TD, 179-yard game versus App State; 81 catches in 2024. Houston 2026 fifth-year transfer and Biletnikoff preseason watch, extensive productive tape and normal terminal-year model.",https://uhcougars.com/sports/football/roster/trent-walker/10017
houston|willjames,Houston,Will James,Secondary,SR,88,RISING,ESTABLISHED,credible existing college level or modal steady outlook; no guaranteed step forward,SUPPORTED,5,29,55,11,3,3,5,LOW,UNCONFIRMED,RISING_LABEL_OBSCURES_STEADY_MODE|UNCERTAIN_2027_ELIGIBILITY,"Houston 2025 All-Big12 second-team CB started all 13 games with three INT, eight PBU and two forced fumbles; 2024 at Southern Miss 12 games/10 starts, seven passes defended. 2026 senior preseason Nagurski/Bednarik awards; already high-level proven corner, more steady than breakout.",https://uhcougars.com/sports/football/roster/will-james/9873
indiana|amareferrell,Indiana,Amare Ferrell,Secondary,SR,89,STEADY,ESTABLISHED,credible existing college level or modal steady outlook; no guaranteed step forward,SUPPORTED,4,20,60,16,3,3,5,LOW,UNCONFIRMED,UNCERTAIN_2027_ELIGIBILITY,"2026 Indiana fourth-year corner played 41 career games/28 starts through 2025, including 16 appearances/15 starts in championship 2025, second-team All-Big Ten media honors and eight career interceptions. Proved high-level coverage over several seasons, so significant 2027 draft consideration and a predominantly steady profile rather than generic breakout. Fourth-year class does not by itself end college eligibility.",https://iuhoosiers.com/sports/football/roster/amare-ferrell/20932
indiana|andrewbarker,Indiana,Andrew Barker,TE,SO,82,HIGH UPSIDE,EMERGING,early college career + individually modeled development runway,SUPPORTED,21,41,26,12,7,7,5,HIGH,UNCONFIRMED,,"Indiana 2026 second-year TE had just one collegiate game in 2025 (Kennesaw State, fourth-quarter offensive debut), with no 2025 college catch/receiving totals. Prep football receiving résumé cannot be counted as proven Big Ten ability. Opportunity-dependent growth and high uncertainty appropriate; 2025 first matriculation makes 2027 NFL draft unavailable.",https://iuhoosiers.com/sports/football/roster/andrew-barker/20908
indiana|byronbaldwinjr,Indiana,Byron Baldwin Jr.,Secondary,SO,76,HIGH UPSIDE,EMERGING,early college career + individually modeled development runway,MODERATE,18,39,30,13,6,6,5,HIGH,UNCONFIRMED,INJURY_CONTEXT,"Indiana 2026 second-year defensive back saw eight 2025 freshman games, primarily kickoff coverage and reserve defense; debuted versus UCLA and made small tackle/forced-fumble recovery contributions. No prior full-time starting sample, so 2027 development should show potential with real playing-time volatility rather than guaranteed draft-worthy traits; first college year 2025 bars 2027 NFL.",https://iuhoosiers.com/sports/football/roster/byron-baldwin-jr-/20907
indiana|charliebecker,Indiana,Charlie Becker,WR,JR,94,RISING,ESTABLISHED,credible existing college level or modal steady outlook; no guaranteed step forward,SUPPORTED,8,27,49,16,4,4,5,MEDIUM,UNCONFIRMED,RISING_LABEL_OBSCURES_STEADY_MODE|CHECK_HIGH_GRADE_UPSIDE,"Indiana 2026 third-year WR played all 16 games with eight starts in 2025 after special teams 2024; produced multiple 100-yard games late 2025 and exploded in first three 2026 games with six TD receptions, including three at Howard and 127 receiving yards at Western Kentucky. Demonstrated actual college breakout supports useful established production, while small 2026 sample makes continued six-TD pace unsustainable. Entered college 2024, eligible 2027 NFL.",https://iuhoosiers.com/sports/football/roster/charlie-becker/20909
indiana|davionchandler,Indiana,Davion Chandler,WR,SO,79,RISING,ASCENDING,sourced opportunity or demonstrated progression with sizeable improvement odds,LIMITED,14,37,36,13,6,6,5,HIGH,UNCONFIRMED,THIN_SAMPLE,"Indiana 2026 second-year receiver played just 2025 reserve/special team snaps including a 65-yard first collegiate reception TD vs Purdue; official 2026 bio notes unusual touchdown rate on first few receptions. Explosive catch rate cannot prove full starter-level volume, but genuine scoring and role opportunity warrant moderate growth. Entered 2025, draft ineligible in 2027.",https://iuhoosiers.com/sports/football/roster/davion-chandler/20923
indiana|isaiahjones,Indiana,Isaiah Jones,Front Seven,5TH,90,RISING,ESTABLISHED,credible existing college level or modal steady outlook; no guaranteed step forward,MODERATE,6,22,58,14,3,3,5,LOW,0,INJURY_CONTEXT|RISING_LABEL_OBSCURES_STEADY_MODE,"Indiana official 2026 fifth-year linebacker, 2025 third-team All-Big Ten with 16 appearances/seven starts and national championship blocked-punt recovery touchdown. Started opening four 2026 contests, making 12 tackles versus North Texas and second collegiate interception vs Western Kentucky. Veteran usage warrants high steadiness with modest pro-exit chance and modeled final normal collegiate season after 2022 first entry.",https://iuhoosiers.com/sports/football/roster/isaiah-jones/20943
indiana|jamarisharpe,Indiana,Jamari Sharpe,Secondary,5TH,88,STEADY,ESTABLISHED,credible existing college level or modal steady outlook; no guaranteed step forward,MODERATE,5,21,57,17,3,3,5,LOW,0,INJURY_CONTEXT,"Indiana official 2026 fifth-year CB, 43 career appearances and 31 starts by early 2026. Started all 16 2025 games and sealed championship against Miami with fourth-quarter interception; 2026 sustained minor injury opening game but returned to multiple starts. Experience and repeat coverage are established; normal five-year eligibility ends 2026 absent an exceptional waiver.",https://iuhoosiers.com/sports/football/roster/jamari-sharpe/20977
indiana|joshburnham,Indiana,Josh Burnham,Front Seven,5TH,85,STEADY,ESTABLISHED,credible existing college level or modal steady outlook; no guaranteed step forward,SUPPORTED,5,22,54,19,3,3,6,MEDIUM,0,,"Indiana official 2026 fifth-year DL from Notre Dame: 40 appearances/23 starts over 2022–25 including 2024 ten starts and 2025 all 12 appearances/four starts. Pass-rush flashes include 2025 three TFL at Boston College and two sacks at Pitt. Established Power Four experience with change-of-school uncertainty, moderate decline/medical risk, normal 2026 final season.",https://iuhoosiers.com/sports/football/roster/josh-burnham/21050
indiana|joshhoover,Indiana,Josh Hoover,QB,5TH,90,STEADY,ESTABLISHED,credible existing college level or modal steady outlook; no guaranteed step forward,SUPPORTED,5,20,56,19,3,3,5,LOW,0,,"Official Indiana 2026 fifth-year QB, originally enrolled at TCU in 2022, 35 prior starts, TCU 2025 3,472 passing yards/29 TD/13 INT and efficient Indiana opening. Mature pocket production favors steady profile, modest turnover downside; fifth-year status supplies normal end-of-eligibility outcome, subject to exceptional waiver.",https://iuhoosiers.com/sports/football/roster/josh-hoover/21051
indiana|leebeebejr,Indiana,Lee Beebe Jr.,RB,5TH,90,RISING,ESTABLISHED,credible existing college level or modal steady outlook; no guaranteed step forward,MODERATE,9,30,44,17,4,4,6,MEDIUM,0,INJURY_CONTEXT|RISING_LABEL_OBSCURES_STEADY_MODE,"Indiana 2026 official fifth-year RB transferred after UAB 2024 All-AAC third team, but 2025 first Indiana year limited to three appearances after injury. By four 2026 games rushed 112 yards vs Howard and 203 vs Northwestern (first Hoosier 200-yard performance since 2018) following two TD vs WKU, showing meaningful comeback. Injury and shared backfield create real variance; collegiate 2022 first year implies final normal year 2026.",https://iuhoosiers.com/sports/football/roster/lee-beebe-jr-/20910
indiana|mariolandino,Indiana,Mario Landino,Front Seven,JR,82,RISING,ESTABLISHED,credible existing college level or modal steady outlook; no guaranteed step forward,LIMITED,8,29,48,15,4,4,5,MEDIUM,UNCONFIRMED,THIN_SAMPLE|RISING_LABEL_OBSCURES_STEADY_MODE,"Indiana 2026 third-year defensive tackle completed 2025 all 16 games with 11 starts, generating 32 QB pressures (sixth among interior defenders per IU bio), solo sacks versus Indiana State and Ohio State and two CFP semifinal fumble recoveries versus Oregon. First collegiate appearance 2024. A proven run/pass interior starting season supports steady or moderate improvement, with normal 2027 draft opportunity.",https://iuhoosiers.com/sports/football/roster/mario-landino/20951
indiana|nickmarsh,Indiana,Nick Marsh,WR,JR,88,RISING,ESTABLISHED,credible existing college level or modal steady outlook; no guaranteed step forward,MODERATE,10,35,44,11,5,5,4,MEDIUM,UNCONFIRMED,,"Indiana third-year WR arrived from Michigan State with 23 career starts, playing alongside Josh Hoover in a high-level 2026 passing attack. Mature route and contested-target experience, new team role offers 2027 improvement; transfer context and established sample make a huge breakout uncertain.",https://iuhoosiers.com/sports/football/roster/nick-marsh/21049
indiana|prestonzachman,Indiana,Preston Zachman,Secondary,7TH,82,STEADY,VOLATILE,injury / small-sample / role-transition context and high modeled spread,MODERATE,6,22,43,29,3,3,7,HIGH,0,INJURY_CONTEXT,"Indiana 2026 SEVENTH-YEAR safety transferred from Wisconsin, initially enrolled 2020 and played 35 career games/20 starts through 2025 but missed 2021, parts of 2022 and last part of 2025 due to injuries. 2024 full 12-game starting season and multiple interceptions establish defensive ability; 2025 only three starts before injury. High medical/availability volatility, remaining seventh year modeled last season with no further ordinary college eligibility. NFL exit less likely than eligibility departure.",https://iuhoosiers.com/sports/football/roster/preston-zachman/21046
indiana|rolijahhardy,Indiana,Rolijah Hardy,Front Seven,JR,91,RISING,PLATEAUING,documented established output + high steady probability / little further grade headroom,SUPPORTED,5,24,60,11,3,3,5,LOW,UNCONFIRMED,RISING_LABEL_OBSCURES_STEADY_MODE,"Indiana 2026 third-year LB started all 16 2025 championship games, received second-team All-Big Ten, and already has multiple 10-tackle games plus two career pick-sixes. Began 2026 with 7/5/9/8 tackles, including a 19-yard interception-return touchdown against Howard. Mature established sideline-to-sideline run defense favors steady and 2027 NFL interest over giant developmental leaps.",https://iuhoosiers.com/sports/football/roster/rolijah-hardy/20940
indiana|rylandgandy,Indiana,Ryland Gandy,Secondary,5TH,78,STEADY,ESTABLISHED,credible existing college level or modal steady outlook; no guaranteed step forward,SUPPORTED,6,22,52,20,3,3,5,MEDIUM,0,,"Indiana 2026 fifth-year corner transfer from Pittsburgh, official roster identifies 2022 original matriculation and experienced Pittsburgh-to-Indiana secondary play. Exact 2025 college interception or PBU totals not independently verified in this record, so projection is moderately conservative with new-team role and coverage variability. Normal fifth-year eligibility ends after 2026 absent waiver.",https://iuhoosiers.com/sports/football/roster/ryland-gandy/20935
indiana|tobiosunsanmi,Indiana,Tobi Osunsanmi,Front Seven,5TH,89,RISING,ESTABLISHED,credible existing college level or modal steady outlook; no guaranteed step forward,LIMITED,6,25,51,18,3,3,6,MEDIUM,0,INJURY_CONTEXT|UNCERTAIN_ROLE_OR_COMPETITION|THIN_SAMPLE|RISING_LABEL_OBSCURES_STEADY_MODE,"Indiana official fifth-year DL moved from Kansas State, played 36 games/5 starts across 2022–25 with injury-limited final six games of 2025 after generating consistent TFL in prior six. First four Indiana 2026 games: three starts, two TFL vs North Texas, first Indiana sack vs Howard, strip sack vs WKU and a sack vs Northwestern. 2026 role is proven but pass-rush health and transfer volatility persist; normal final year.",https://iuhoosiers.com/sports/football/roster/tobi-osunsanmi/21052
indiana|turborichard,Indiana,Turbo Richard,RB,JR,93,RISING,ESTABLISHED,credible existing college level or modal steady outlook; no guaranteed step forward,LIMITED,10,33,43,14,5,5,5,MEDIUM,UNCONFIRMED,INJURY_CONTEXT|THIN_SAMPLE|RISING_LABEL_OBSCURES_STEADY_MODE,"Indiana 2026 third-year RB transferred from Boston College after 2025 11 starts and three 100-yard rushing games; with Indiana first 2026 games produced 108 rushing yards vs Howard, 149 versus Western Kentucky and 68 on nine carries at Northwestern before exiting injured. Established Power Four starting speed and more role upside, with injury and shared carries causing moderate volatility. Entered college 2024, draft eligible 2027.",https://iuhoosiers.com/sports/football/roster/turbo-richard/21044
indiana|tylermorris,Indiana,Tyler Morris,WR,5TH,84,RISING,VOLATILE,injury / small-sample / role-transition context and high modeled spread,MODERATE,14,31,32,23,6,6,6,HIGH,0,INJURY_CONTEXT,"Indiana official 2026 fifth-year receiver played 34 Michigan games/14 starts across 2022–24, including 2024 10 starts with receiving TD versus Minnesota/Oregon. Missed entire 2025 Indiana season through injury. A return in 2026 could be a real performance rebound but no 2025 college catches can substantiate current elite tier; post-injury decline meaningful. 2022 first entry and fifth-year status imply normal final college year.",https://iuhoosiers.com/sports/football/roster/tyler-morris/20965
indiana|tyriquetucker,Indiana,Tyrique Tucker,Front Seven,5TH,89,STEADY,ESTABLISHED,credible existing college level or modal steady outlook; no guaranteed step forward,LIMITED,3,19,62,16,2,2,5,LOW,0,THIN_SAMPLE,"Indiana 2026 fifth-year defensive tackle was 2025 AP Third-Team All-American and first-team All-Big Ten after all 16 starts, with 2024 PFF interior grade top-25 nationally per school notes. Four 2026 games include solo sack vs North Texas, TFL vs WKU and Northwestern. Elite established run-defense interior profile should be predominantly steady; normal eligibility finishes 2026.",https://iuhoosiers.com/sports/football/roster/tyrique-tucker/20985
iowa|anthonyhawkins,Iowa,Anthony Hawkins,Secondary,JR,82,RISING,ASCENDING,sourced opportunity or demonstrated progression with sizeable improvement odds,MODERATE,12,36,40,12,5,5,5,MEDIUM,UNCONFIRMED,UNCERTAIN_ROLE_OR_COMPETITION,"Transferred from Villanova after 2025 FCS Freshman All-American honors, 59 tackles, two interceptions and nine pass breakups in 15 games. Started Iowa's first two 2026 games at strong safety, six tackles through four. FCS-to-Big Ten projection merits growth but role adjustment risk.",https://hawkeyesports.com/sports/football/roster/player/anthony-hawkins
iowa|braedenjackson,Iowa,Braeden Jackson,RB,SO,83,HIGH UPSIDE,EMERGING,early college career + individually modeled development runway,LIMITED,23,42,26,9,6,6,4,HIGH,UNCONFIRMED,INJURY_CONTEXT|THIN_SAMPLE,"Iowa 2025 redshirt with no game action; scored 2026 rushing, receiving and kickoff-return TDs and ran 18 times for 168 yards through four games, including 99-yard kickoff return TD at Michigan. Genuine early spark but limited college usage. First enrolled 2025, not eligible for 2027 NFL draft.",https://hawkeyesports.com/sports/football/roster/player/braeden-jackson
iowa|cambuffington,Iowa,Cam Buffington,Front Seven,JR,85,RISING,ASCENDING,sourced opportunity or demonstrated progression with sizeable improvement odds,LIMITED,15,39,34,12,5,5,5,HIGH,UNCONFIRMED,UNCERTAIN_ROLE_OR_COMPETITION|THIN_SAMPLE,"Redshirted in 2024 and played just six 2025 games with one interception and limited tackling. Through Iowa's first five 2026 games led Hawkeyes with 44 tackles, three TFL; Big Ten Lott Impact weekly award. Steep new starter production warrants breakout odds but one early college season remains noisy.",https://hawkeyesports.com/sports/football/roster/player/cam-buffington
iowa|deshaunlee,Iowa,Deshaun Lee,Secondary,SR,86,RISING,ESTABLISHED,credible existing college level or modal steady outlook; no guaranteed step forward,SUPPORTED,7,27,52,14,3,3,5,LOW,UNCONFIRMED,RISING_LABEL_OBSCURES_STEADY_MODE|UNCERTAIN_2027_ELIGIBILITY,"Iowa 2025 honorable mention All-Big Ten CB with ten starts, 34 tackles, two INT and six pass breakups; already 25 career starts. Returned to start first three 2026 games, early interception versus Northern Illinois. Mature coverage experience favors steady outcome.",https://hawkeyesports.com/sports/football/roster/player/deshaun-lee
iowa|djvonnahme,Iowa,Dj Vonnahme,TE,3RD,88,RISING,ESTABLISHED,credible existing college level or modal steady outlook; no guaranteed step forward,LIMITED,11,32,43,14,4,4,6,MEDIUM,UNCONFIRMED,INJURY_CONTEXT|THIN_SAMPLE|RISING_LABEL_OBSCURES_STEADY_MODE,"2025 FWAA Freshman All-American TE led Iowa in receiving with 29 catches, 434 yards, three TD across 12 games/five starts; 146-yard bowl game vs Vanderbilt. Six catches/67 yards in first two 2026 starts before missed UNI with injury. Strong sophomore-level receiving tape despite explicit official 3rd-year roster designation.",https://hawkeyesports.com/sports/football/roster/player/dj-vonnahme
iowa|evanjames,Iowa,Evan James,WR,SO,76,RISING,VOLATILE,injury / small-sample / role-transition context and high modeled spread,MODERATE,12,34,40,14,5,5,5,HIGH,UNCONFIRMED,UNCERTAIN_ROLE_OR_COMPETITION,"True freshman Furman 2025 FCS production of 65 catches, 796 yards, seven receiving TD plus one rushing TD. Iowa 2026 receiver returned a punt 77 yards for TD, six catches/52 yards through five games. FCS-to-P4 transition and return role warrant volatile growth; 2025 matriculation means 2027 NFL ineligible.",https://hawkeyesports.com/sports/football/roster/player/evan-james
iowa|hankbrown,Iowa,Hank Brown,QB,SR,82,RISING,ESTABLISHED,credible existing college level or modal steady outlook; no guaranteed step forward,MODERATE,8,30,46,16,4,4,5,MEDIUM,UNCONFIRMED,INJURY_CONTEXT|RISING_LABEL_OBSCURES_STEADY_MODE|UNCERTAIN_2027_ELIGIBILITY,"Iowa 2026 FOURTH-YEAR QB after Auburn transfer started opening five games, going 78-of-124 for 832 yards/five pass TD/one INT and one rushing TD. His 21-of-35, 227-yard two-TD fourth-quarter comeback against No. 18 Michigan earned Davey O'Brien Great 8. Demonstrated midrange starter success and moderate continuing refinement, while five-game 2026 sample does not establish an unquestioned long-career elite QB. Initial 2023 college entry allows 2027 draft.",https://hawkeyesports.com/sports/football/roster/player/hank-brown
iowa|ioseepenesa,Iowa,Iose Epenesa,Front Seven,SO,89,HIGH UPSIDE,EMERGING,early college career + individually modeled development runway,SUPPORTED,20,43,28,9,7,7,4,HIGH,UNCONFIRMED,,"Iowa 2025 true freshman played four games and recorded only a single TFL, then started at defensive end in first three 2026 games with limited tackle output and first QB pressure. Young edge with unproven production can improve meaningfully, not an assumed all-star on pedigree; first enrolled 2025, 2027 NFL ineligible.",https://hawkeyesports.com/sports/football/roster/player/lose-epenesa
iowa|jaydenmontgomery,Iowa,Jayden Montgomery,Front Seven,5TH,82,RISING,ESTABLISHED,credible existing college level or modal steady outlook; no guaranteed step forward,LIMITED,7,28,52,13,3,3,5,LOW,0,THIN_SAMPLE|RISING_LABEL_OBSCURES_STEADY_MODE,"Iowa 2025 linebacker made 44 tackles, seven starts in 13 games; through first five 2026 starts totaled 27 tackles, four TFL and a sack. Official 2026 fifth-year roster plus 2022 original redshirt confirms experienced final-season modeling under ordinary eligibility.",https://hawkeyesports.com/sports/football/roster/player/jayden-montgomery
iowa|jaylenwatson,Iowa,Jaylen Watson,Secondary,3RD,84,RISING,ASCENDING,sourced opportunity or demonstrated progression with sizeable improvement odds,SUPPORTED,15,38,35,12,5,5,5,MEDIUM,UNCONFIRMED,,"Iowa 2025 played 13 games, two starts, 15 tackles and one breakup. Promoted to five defensive-back starts early 2026, 15 tackles and six pass breakups through five games. Role growth and coverage disruption support genuine upside; official 2026 3rd-year.",https://hawkeyesports.com/sports/football/roster/player/jaylen-watson
iowa|kahmaribrown,Iowa,Kahmari Brown,Front Seven,JR,78,RISING,VOLATILE,injury / small-sample / role-transition context and high modeled spread,MODERATE,12,34,36,18,5,5,6,HIGH,UNCONFIRMED,UNCERTAIN_ROLE_OR_COMPETITION,"Elon 2025 Associated Press second-team All-American edge compiled 66 tackles, 16 TFL, 12 sacks in FCS; already 4.5 sacks at Elon in 2024. Iowa 2026 front rotation has 10 tackles and 1.5 sacks through five games. Higher-level competition changes projection but past pass rush is meaningful.",https://hawkeyesports.com/sports/football/roster/player/kahmari-brown
iowa|kamarimoulton,Iowa,Kamari Moulton,RB,SR,89,RISING,ESTABLISHED,credible existing college level or modal steady outlook; no guaranteed step forward,MODERATE,9,28,46,17,4,4,6,MEDIUM,UNCONFIRMED,INJURY_CONTEXT|RISING_LABEL_OBSCURES_STEADY_MODE|UNCERTAIN_2027_ELIGIBILITY,"Iowa 2025 featured RB led team with 878 rushing yards and five TD in 11 games/eight starts despite missing two due injury. 2026 four starts 311 rush yards/two TD, including 183 in opener and missed UNI through injury. Proven Big Ten back with moderate durability downside.",https://hawkeyesports.com/sports/football/roster/player/kamari-moulton
iowa|kennethmerrieweather,Iowa,Kenneth Merrieweather,Front Seven,SR,84,RISING,ASCENDING,sourced opportunity or demonstrated progression with sizeable improvement odds,MODERATE,16,39,32,13,5,5,5,MEDIUM,UNCONFIRMED,UNCERTAIN_ROLE_OR_COMPETITION|UNCERTAIN_2027_ELIGIBILITY,"2025 Iowa reserve defensive end appeared in all 13 games, 14 tackles/one TFL after limited 2024 game time; started first four 2026 games but only five tackles and one breakup. Clear playing-time expansion with unproven impact, not an elite pass-rusher.",https://hawkeyesports.com/sports/football/roster/player/kenneth-merrieweather
iowa|ljphillipsjr,Iowa,L.J. Phillips Jr.,RB,SR,80,RISING,VOLATILE,injury / small-sample / role-transition context and high modeled spread,MODERATE,13,35,29,23,5,5,7,HIGH,UNCONFIRMED,INJURY_CONTEXT|UNCERTAIN_ROLE_OR_COMPETITION|UNCERTAIN_2027_ELIGIBILITY,"South Dakota 2025 first-team FCS All-American and national rushing leader with 1,921 yards and 19 TD across 294 carries; transferred to Iowa 2026 but left opener injured after just four carries/five yards. Massive prior FCS talent but Big Ten projection and injury risk are unusually volatile.",https://hawkeyesports.com/sports/football/roster/player/lj-phillips-jr
iowa|rashadgodfreyjr,Iowa,Rashad Godfrey Jr.,Secondary,JR,76,RISING,ASCENDING,sourced opportunity or demonstrated progression with sizeable improvement odds,SUPPORTED,17,34,32,17,5,5,6,HIGH,UNCONFIRMED,,"Iowa 2025 reserve defensive back played 12 games, 15 tackles, half TFL and forced fumble, with nine tackles at Nebraska. Only one tackle credited in 2026 opener; opportunity exists from reserve profile, but no proven regular defensive starting production.",https://hawkeyesports.com/sports/football/roster/player/rashad-godfrey-jr
iowa|reecevanderzee,Iowa,Reece Vander Zee,WR,JR,84,RISING,ASCENDING,sourced opportunity or demonstrated progression with sizeable improvement odds,MODERATE,13,35,37,15,5,5,5,MEDIUM,UNCONFIRMED,INJURY_CONTEXT|UNCERTAIN_ROLE_OR_COMPETITION,"Iowa 2025 injury-limited WR played final eight games with 15 catches, 219 yards/two TD after 2024 true-freshman starting experience. Iowa 2026 five starting games, 13 catches/178 yards and two decisive fourth-quarter TD vs Michigan. Injury rebound with still-modest usage.",https://hawkeyesports.com/sports/football/roster/player/reece-vander-zee
iowa|tonydiaz,Iowa,Tony Diaz,WR,JR,79,RISING,ASCENDING,sourced opportunity or demonstrated progression with sizeable improvement odds,MODERATE,12,36,38,14,5,5,6,MEDIUM,UNCONFIRMED,UNCERTAIN_ROLE_OR_COMPETITION,"UTRGV 2025 Southland Conference Freshman of Year, 875 receiving yards and 11 TD, 2024 redshirt; Iowa 2026 early starter leads team with 17 catches/201 yards and one TD through three games. FCS award production plus Iowa early role credible, but sample limited and level jump real.",https://hawkeyesports.com/sports/football/roster/player/tony-diaz
iowa|zachlutmer,Iowa,Zach Lutmer,Secondary,SR,88,RISING,ESTABLISHED,credible existing college level or modal steady outlook; no guaranteed step forward,SUPPORTED,5,24,55,16,3,3,5,LOW,UNCONFIRMED,RISING_LABEL_OBSCURES_STEADY_MODE|UNCERTAIN_2027_ELIGIBILITY,"Iowa 2025 second-team All-Big Ten cash/DB with 13 starts, 71 tackles, 5.5 TFL, three INT (one pick-six) and seven pass breakups. Five 2026 starts, 31 tackles/four breakups; extensive defensive production makes steady most likely with meaningful 2027 pro exit risk.",https://hawkeyesports.com/sports/football/roster/player/zach-lutmer
lsu|dashawnspears,LSU,Dashawn Spears,Secondary,JR,79,RISING,ESTABLISHED,credible existing college level or modal steady outlook; no guaranteed step forward,MODERATE,9,31,47,13,4,4,5,MEDIUM,UNCONFIRMED,RISING_LABEL_OBSCURES_STEADY_MODE,"LSU junior safety: 26 games/four career starts through 2025, with 29 tackles, three TFL, one sack and two interceptions in 2025, notably a two-pick SEC Defensive Player of the Week game against Florida. Rotation-to-starter opportunity supports 2027 improvement, but turnover spikes may not persist. First college season 2024 permits a 2027 declaration; not automatic draft lock.",https://lsusports.net/sports/fb/roster/player/dashawn-spears
lsu|deucegeralds,LSU,Deuce Geralds,Front Seven,FR,88,HIGH UPSIDE,EMERGING,early college career + individually modeled development runway,SUPPORTED,20,41,27,12,8,8,5,HIGH,UNCONFIRMED,,"LSU 2026 true freshman defensive tackle arrives with spectacular Collins Hill prep résumé (2025 91 tackles, 37 TFL, 16 sacks) but official bio does not establish corresponding college playing time or 2026 FBS output. High-school achievements are talent context only; college development and usage remain uncertain. 2026 first college year means first normally NFL-eligible 2029.",https://lsusports.net/sports/fb/roster/player/deuce-geralds
lsu|dilinjones,LSU,Dilin Jones,RB,SO,87,RISING,VOLATILE,injury / small-sample / role-transition context and high modeled spread,LIMITED,17,35,31,17,6,6,6,HIGH,UNCONFIRMED,INJURY_CONTEXT|THIN_SAMPLE,"LSU 2026 redshirt sophomore RB transferred from Wisconsin after first seven 2025 starts (76 carries/300 yards/two TD and nine catches) and season-ending turf-toe injury. Three 2024 reserve appearances for 88 yards. Healthy opportunity may materially increase rushing role, but lower conference efficiency, injury recovery and transfer competition create broad development risk. Original 2024 enrollment makes 2027 NFL draft possible despite sophomore label.",https://lsusports.net/sports/fb/roster/player/dilin-jones
lsu|djpickett,LSU,DJ Pickett,Secondary,SO,89,RISING,ESTABLISHED,credible existing college level or modal steady outlook; no guaranteed step forward,SUPPORTED,6,30,51,13,4,4,5,MEDIUM,UNCONFIRMED,RISING_LABEL_OBSCURES_STEADY_MODE,"LSU 2026 sophomore CB was a 2025 FWAA Freshman All-American and Freshman All-SEC, appearing in 13 games/three starts over 524 snaps, with 37 tackles, three interceptions, three PBUs and 304 pass-coverage snaps. Elite early man-coverage responsibility gives strong steady odds; experience can improve while interception count regresses. Entered 2025, ineligible for 2027 NFL Draft.",https://lsusports.net/sports/fb/roster/player/dj-pickett
lsu|dylancarpenter,LSU,Dylan Carpenter,Front Seven,JR,78,RISING,ASCENDING,sourced opportunity or demonstrated progression with sizeable improvement odds,SUPPORTED,13,35,36,16,5,5,5,MEDIUM,UNCONFIRMED,,"LSU 2026 redshirt junior edge has not established a starting role through 2025: 10 games/zero starts with 10 tackles, 2.5 TFL and two sacks on 119 defensive snaps in 2025, up from four tackles in 2024. NFL declaration should remain rare; greater edge rotation snaps can yield meaningful improvement, with limited evidence of an NFL-caliber ceiling. First college entry 2023.",https://lsusports.net/sports/fb/roster/player/dylan-carpenter
lsu|eugenewilsoniii,LSU,Eugene Wilson III,WR,JR,82,RISING,VOLATILE,injury / small-sample / role-transition context and high modeled spread,MODERATE,12,33,31,24,5,5,7,HIGH,UNCONFIRMED,INJURY_CONTEXT,"LSU 2026 redshirt junior receiver came from Florida with 107 career catches/1,043 yards/10 TD in 22 games/16 starts. Freshman All-American in 2023 (61/538/6), but 2024 season reduced to four games by surgery and 2025 to eight games with 27 catches/239yd/3TD after new injury. Demonstrated high receiving talent plus repeated health problems warrant genuine rebound probability and larger decline/availability swings.",https://lsusports.net/sports/fb/roster/player/eugene-wilson-iii
lsu|jacksonharris,LSU,Jackson Harris,WR,JR,85,RISING,ESTABLISHED,credible existing college level or modal steady outlook; no guaranteed step forward,MODERATE,10,32,41,17,5,5,5,MEDIUM,UNCONFIRMED,,"LSU redshirt junior WR transferred from Hawaii after 2025 first-team All-Mountain West, 49 receptions for 963 yards and conference-high 12 receiving TD and 19.65 yards per catch, following early Stanford seasons. Explosive proven Group-of-Five productivity can translate, but SEC defensive talent and target-share change create role risk. First enrolled 2023; 2027 NFL decision possible, not certain.",https://lsusports.net/sports/fb/roster/player/jackson-harris
lsu|jordanross,LSU,Jordan Ross,Front Seven,JR,82,RISING,ASCENDING,sourced opportunity or demonstrated progression with sizeable improvement odds,SUPPORTED,17,36,32,15,6,6,5,HIGH,UNCONFIRMED,,"LSU 2026 junior edge transferred from Tennessee, playing 2025 in 11 games/zero starts with 23 tackles, 3.5 TFL, 1.5 sacks on 246 defensive snaps; 2024 11 games with three tackles but Freshman All-SEC special teams recognition after blocked punt touchdown. Role ceiling can grow under new coaches, but recruiting-star pedigree does not establish existing elite college edge play.",https://lsusports.net/sports/fb/roster/player/jordan-ross
lsu|pjwoodland,LSU,Pj Woodland,Secondary,JR,78,RISING,ESTABLISHED,credible existing college level or modal steady outlook; no guaranteed step forward,SUPPORTED,5,23,59,13,3,3,5,LOW,UNCONFIRMED,RISING_LABEL_OBSCURES_STEADY_MODE,"LSU 2026 junior corner started every game in 2025, recording 41 tackles, 11 passes defended, nine PBUs and two picks over 614 defensive snaps, allowing no coverage TD in cited school review. Also appeared in 13 games/two starts in 2024. Established full-season man coverage supports high steady probability, modest grade growth and above-average 2027 NFL declaration risk.",https://lsusports.net/sports/fb/roster/season/2025/player/pj-woodland
lsu|princewillumanmielen,LSU,Princewill Umanmielen,Front Seven,SR,98,STEADY,PLATEAUING,documented established output + high steady probability / little further grade headroom,SUPPORTED,2,14,66,18,1,1,5,LOW,UNCONFIRMED,UNCERTAIN_2027_ELIGIBILITY,"LSU 2026 senior edge transferred from Ole Miss. 2025 nine sacks/13 TFL ranked among SEC leaders and followed two seasons at Nebraska, plus 2026 impact. Existing HQ 98 is already near ceiling; strong steady and NFL exit odds, not a generic senior breakout.",https://lsusports.net/sports/fb/roster/season/2026/player/princewill-umanmielen
lsu|samleavitt,LSU,Sam Leavitt,QB,JR,84,RISING,ESTABLISHED,credible existing college level or modal steady outlook; no guaranteed step forward,MODERATE,10,28,47,15,4,4,5,MEDIUM,1,INJURY_CONTEXT|RISING_LABEL_OBSCURES_STEADY_MODE,"Official 2026 redshirt-junior LSU bio: 2024 Big 12 Freshman of the Year, ASU starter, 2025 injury-shortened seven starts and January 2026 transfer.",https://lsusports.net/sports/fb/roster/season/2026/player/sam-leavitt
lsu|stacygage,LSU,Stacy Gage,RB,SO,77,HIGH UPSIDE,EMERGING,early college career + individually modeled development runway,SUPPORTED,21,41,25,13,7,7,5,HIGH,UNCONFIRMED,,"LSU 2026 redshirt sophomore RB transferred from UCF after just 13 carries/63 yards/one TD over eight 2025 games and three 2024 redshirt appearances. LSU bio says entering 2026 with three years remaining; true 2024 initial enrollment technically makes 2027 NFL entry possible but very improbable due to lack of meaningful college production. High upside is role uncertainty, not proof of pro potential.",https://lsusports.net/sports/fb/roster/player/stacy-gage
lsu|tamarcuscooley,LSU,Tamarcus Cooley,Secondary,JR,80,RISING,ESTABLISHED,credible existing college level or modal steady outlook; no guaranteed step forward,MODERATE,5,23,58,14,3,3,5,LOW,UNCONFIRMED,RISING_LABEL_OBSCURES_STEADY_MODE,"LSU redshirt junior safety transferred from NC State/Maryland, started all 13 LSU games in 2025 with 70 tackles and two interceptions, and previous NC State 2024 nine starts with two interceptions; 28 career games/22 starts/113 tackles/four INT. Multi-program established Power Four safety résumé supports steady outcome and significant 2027 draft interest, not a pure breakout story.",https://lsusports.net/sports/fb/roster/player/tamarcus-cooley
lsu|tjdottery,LSU,TJ Dottery,Front Seven,5TH,84,STEADY,ESTABLISHED,credible existing college level or modal steady outlook; no guaranteed step forward,SUPPORTED,3,17,63,17,2,2,5,LOW,0,,"LSU official 2026 fifth-year senior linebacker, first enrolled Clemson in 2022 and Ole Miss 2023–25. Explicit school bio calls 2026 his FINAL season; 2025 led SEC with 98 tackles/5.5 TFL/1.5 sacks after 2024 76 tackles/4.5 TFL/two sacks. Mature proven high-volume tackling leaves very little major further breakout runway, and 2027 return is blocked under normal rule unless separate waiver.",https://lsusports.net/sports/fb/roster/player/tj-dottery
lsu|treydezgreen,LSU,Trey'Dez Green,TE,JR,97,STEADY,PLATEAUING,documented established output + high steady probability / little further grade headroom,MODERATE,3,19,59,19,2,2,5,LOW,UNCONFIRMED,,"LSU junior tight end with 2025 second-team All-SEC honors and 33 receptions/433 yards/seven TD (program TE record), 176 YAC, improved blocking. Already a 97 HQ high-ceiling athlete whose unusual matchup ability is proven; modest 2027 upside with substantial NFL departure risk.",https://lsusports.net/sports/fb/roster/season/2025/player/treydez-green | https://lsusports.net/news/2026/08/27/footballs-green-whit-weeks-to-wear-no-7-in-2026
lsu|tybenefield,LSU,Ty Benefield,Secondary,SR,90,RISING,ESTABLISHED,credible existing college level or modal steady outlook; no guaranteed step forward,SUPPORTED,6,23,54,17,4,4,5,LOW,UNCONFIRMED,RISING_LABEL_OBSCURES_STEADY_MODE|UNCERTAIN_2027_ELIGIBILITY,"LSU 2026 senior safety transfer from Boise State, 2025 first-team All-Mountain West after 107 tackles, 8.5 TFL, two INT, 2024 82 tackles and 5 takeaways. Established tackling/coverage and program switch give moderate upside but a large late college breakout is unlikely.",https://lsusports.net/sports/fb/roster/player/ty-benefield
lsu|whitweeks,LSU,Whit Weeks,Front Seven,SR,89,STEADY,ESTABLISHED,credible existing college level or modal steady outlook; no guaranteed step forward,LIMITED,7,22,50,21,4,4,6,MEDIUM,UNCONFIRMED,INJURY_CONTEXT|THIN_SAMPLE|UNCERTAIN_2027_ELIGIBILITY,"LSU 2026 senior LB: 2024 first-team All-SEC with 125 tackles, but 2025 injury-reduced campaign included only eight starts and 31 tackles, three TFL, one sack. Proven run/hustle leadership and leg-health uncertainty give moderate rebound room and greater decline risk than healthy age-peer.",https://lsusports.net/sports/fb/roster/player/whit-weeks | https://lsusports.net/news/2026/08/27/footballs-green-whit-weeks-to-wear-no-7-in-2026
lsu|winstonwatkinsjr,LSU,Winston Watkins Jr.,WR,SO,89,RISING,ASCENDING,sourced opportunity or demonstrated progression with sizeable improvement odds,MODERATE,15,38,35,12,6,6,5,HIGH,UNCONFIRMED,,"LSU sophomore WR spent true freshman 2025 at Ole Miss, appearing in 15 games and catching 26 passes for 373 yards and one touchdown, adding 21 rushing yards on five carries. LSU role is new, but 2025 experience in deep CFP run supports realistic volume improvement, not only high-school hype. Original 2025 enrollment bars 2027 NFL declaration.",https://lsusports.net/sports/fb/roster/player/winston-watkins-jr
miami|ahmadmoten,Miami,Ahmad Moten,Front Seven,SR,89,STEADY,ESTABLISHED,credible existing college level or modal steady outlook; no guaranteed step forward,SUPPORTED,4,21,54,21,3,3,5,LOW,0,,"Miami 2026 fifth-year defensive tackle, 2025 second-team All-ACC after starting 14 games and posting 31 tackles, nine TFL, 4.5 sacks. Interior veteran with durable role but limited pure breakout upside. Normal five-year clock beginning 2022 exhausts 2026 absent a further waiver.",https://miamihurricanes.com/news/2026/08/21/moten-wilson-named-to-bednarik-award-watch-list | https://miamihurricanes.com/news/2026/07/20/moten-named-nominee-for-allstate-afca-good-works-team
miami|armondoblount,Miami,Armondo Blount,Front Seven,JR,82,RISING,ASCENDING,sourced opportunity or demonstrated progression with sizeable improvement odds,SUPPORTED,16,37,34,13,6,6,5,HIGH,UNCONFIRMED,,"Miami junior DL saw eight games/two tackles as a 2024 true freshman, then 15 appearances, 17 tackles, 2.5 sacks and six quarterback pressures in 2025 without established every-down starter volume. Improved rush technique and a larger 2026 role could drive meaningful development, but recruiting reputation alone cannot warrant near-certain breakout. Entered college in 2024; 2027 NFL-eligible but declaration risk low.",https://miamihurricanes.com/sports/football/roster/player/armondo-blount
miami|brycefitzgerald,Miami,Bryce Fitzgerald,Secondary,SO,89,RISING,ESTABLISHED,credible existing college level or modal steady outlook; no guaranteed step forward,SUPPORTED,6,28,55,11,4,4,4,MEDIUM,UNCONFIRMED,RISING_LABEL_OBSCURES_STEADY_MODE,"Miami 2026 sophomore defensive back earned FWAA Freshman All-America after six interceptions in 2025, tied for conference lead across 16 games and four starts; also recorded 16 tackles. Elite takeaway rate may regress even if coverage improves, making repeat huge turnover output less certain than underlying ability. First 2025 collegiate entry precludes a 2027 NFL declaration.",https://miamihurricanes.com/sports/football/roster/season/2026-27/player/bryce-fitzgerald
miami|charmarbrown,Miami,CharMar Brown,RB,JR,84,RISING,ESTABLISHED,credible existing college level or modal steady outlook; no guaranteed step forward,MODERATE,10,33,42,15,5,5,5,MEDIUM,UNCONFIRMED,UNCERTAIN_ROLE_OR_COMPETITION,"Miami redshirt junior RB arrived from North Dakota State, where in 2024 he rushed for 1,181 yards and 15 touchdowns after a 2023 redshirt. As a Miami reserve/rotation runner in 2025 gained 474 rushing yards and seven rushing TD, plus 20 catches/138 yards/two TD. Proven productive FCS starter but limited established Miami feature role supports moderate upside and real Big-conference volume risk. Entered college 2023, so 2027 draft eligible.",https://miamihurricanes.com/sports/football/roster/season/2025-26/player/charmar-brown
miami|chasesmith,Miami,Chase Smith,Front Seven,SR,85,STEADY,ESTABLISHED,credible existing college level or modal steady outlook; no guaranteed step forward,MODERATE,5,23,52,20,3,3,6,MEDIUM,UNCONFIRMED,INJURY_CONTEXT|UNCERTAIN_2027_ELIGIBILITY,"Miami linebacker returned for 2026 following 2025 redshirt-senior season with 31 tackles in 16 games. Originally enrolled in 2021 and retained eligibility into the sixth calendar year; prior ACL injury history and unusual redshirt status make assumed final-year expiration unreliable without a specific compliance ruling. Veteran experience favors steady production, with injury/usage downside and limited major breakout.",https://miamihurricanes.com/sports/football/roster/season/2026-27/player/chase-smith
miami|cooperbarkate,Miami,Cooper Barkate,WR,SR,86,STEADY,ESTABLISHED,credible existing college level or modal steady outlook; no guaranteed step forward,MODERATE,3,19,58,20,2,2,6,MEDIUM,0,INJURY_CONTEXT|UNCERTAIN_ROLE_OR_COMPETITION,"Miami 2026 redshirt-senior receiver played 2022–24 at Harvard and 2025 at Duke, where he was All-ACC second-team, after 2024 FCS All-American recognition. Career through 2025: 37 games/33 starts, 185 receptions, 2,848 yards and 21 TD. Elite FCS and proven ACC receiver production yields high steady chance, while program change and normal fifth-year finish reduce 2027 college return likelihood. The 2026 eligibility exhaustion is a model inference absent documented waiver.",https://miamihurricanes.com/sports/football/roster/player/cooper-barkate
miami|damaribrown,Miami,Damari Brown,Secondary,JR,82,RISING,VOLATILE,injury / small-sample / role-transition context and high modeled spread,MODERATE,11,32,41,16,5,5,6,HIGH,UNCONFIRMED,INJURY_CONTEXT|UNCERTAIN_ROLE_OR_COMPETITION,"Miami 2026 redshirt junior corner debuted in 2023 and started final three games as freshman; injuries limited him to two games in 2024, and 2025 featured 12 appearances/five starts, 24 tackles and one PBU. Physical cover traits and expanded role have upside, but two interrupted seasons and health history warrant elevated volatility rather than class-based automatic improvement. Eligible for 2027 draft; declaration remains speculative.",https://miamihurricanes.com/sports/football/roster/season/2025-26/player/damari-brown
miami|damonwilsonii,Miami,Damon Wilson II,Front Seven,SR,89,RISING,ESTABLISHED,credible existing college level or modal steady outlook; no guaranteed step forward,MODERATE,8,25,47,20,4,4,5,MEDIUM,UNCONFIRMED,INJURY_CONTEXT|UNCERTAIN_ROLE_OR_COMPETITION|RISING_LABEL_OBSCURES_STEADY_MODE|UNCERTAIN_2027_ELIGIBILITY,"Miami 2026 senior edge transfer via Georgia/Missouri. At Missouri in 2025 started 12/13 games and produced nine sacks, 9.5 TFL, 23 tackles, an INT and forced fumble recovery; role changes support moderate upside but elite 2025 pass rush already proven and new scheme adds some volatility.",https://miamihurricanes.com/sports/football/roster/player/damon-wilson-ii | https://miamihurricanes.com/news/2026/08/21/moten-wilson-named-to-bednarik-award-watch-list
miami|darianmensah,Miami,Darian Mensah,QB,JR,97,STEADY,PLATEAUING,documented established output + high steady probability / little further grade headroom,SUPPORTED,3,14,69,14,2,2,4,LOW,1,,"2023 Tulane redshirt, 2024 starter: 2,723 passing yards and 22 TD. Duke in 2025: 3,973 passing yards, 34 TD and 6 INT in 14 starts, ACC championship and second-team all-conference. Transferred to Miami for 2026. Proven elite QB with modest incremental upside, unusually high pro exit risk; 2027 college eligibility inferred, not certified.",https://miamihurricanes.com/sports/football/roster/player/darian-mensah
miami|elijalofton,Miami,Elija Lofton,TE,JR,84,RISING,ESTABLISHED,credible existing college level or modal steady outlook; no guaranteed step forward,SUPPORTED,11,36,40,13,5,5,5,MEDIUM,UNCONFIRMED,,"Miami junior hybrid tight end played 15 games/four starts as a sophomore in 2025 with 23 catches for 218 yards and three TD after limited 2024 freshman use. Receiving and blocking role can expand in 2026-27, but no established top-tier season yet. 2024 first enrollment permits 2027 draft eligibility without making an early declaration likely.",https://miamihurricanes.com/sports/football/roster/season/2025-26/player/elija-lofton
miami|javianmallory,Miami,Javian Mallory,RB,FR,84,HIGH UPSIDE,EMERGING,early college career + individually modeled development runway,LIMITED,23,41,25,11,8,8,5,HIGH,UNCONFIRMED,THIN_SAMPLE,"Miami 2026 true freshman RB official roster bio reports strong high-school senior production (1,114 rush yards/14 TD) but does not verify comparable college playing volume or 2026 college statistics. His college development is speculative, not demonstrated by prep results; new-team role and youth imply high growth and uncertainty. Entered college 2026 and cannot declare in 2027.",https://miamihurricanes.com/sports/football/roster/player/javian-mallory
miami|joshuamoore,Miami,Joshua Moore,WR,SO,80,RISING,ASCENDING,sourced opportunity or demonstrated progression with sizeable improvement odds,SUPPORTED,16,38,34,12,6,6,5,HIGH,UNCONFIRMED,,Miami 2026 sophomore WR emerged in 2025 debut season with 17 catches/210 yards/two TD across 16 games as true freshman. Experience in CFP run supports readiness but no sustained featured-target body of work. Sophomore growth and receiver-role competition create a wider improvement and usage range; first enrollment 2025 bars 2027 NFL declaration.,https://miamihurricanes.com/sports/football/roster/season/2025-26/player/joshua-moore
miami|malachitoney,Miami,Malachi Toney,WR,SO,98,STEADY,PLATEAUING,documented established output + high steady probability / little further grade headroom,SUPPORTED,3,16,66,15,1,1,5,MEDIUM,UNCONFIRMED,YOUNG_ALREADY_HIGH_GRADE,"Miami 2026 sophomore followed a national freshman-record 109 receptions, 1,211 receiving yards and 10 TD in 2025 with 564 yards and six scores in first four games of 2026. Already 98 HQ means only one grade upside point; stable superstar probability dominates. 2025 enrollment bars 2027 NFL Draft.",https://miamihurricanes.com/sports/football/roster/season/2026-27/player/malachi-toney
miami|markfletcherjr,Miami,Mark Fletcher Jr.,RB,SR,92,RISING,ESTABLISHED,credible existing college level or modal steady outlook; no guaranteed step forward,MODERATE,7,26,51,16,4,4,5,MEDIUM,UNCONFIRMED,RISING_LABEL_OBSCURES_STEADY_MODE|UNCERTAIN_2027_ELIGIBILITY,"Miami fourth-year senior RB began college in 2023 and earned 2025 third-team All-ACC and Cotton Bowl offensive MVP recognition. Multi-season physical feature-back résumé implies useful continuation, with modest gain and decline risk; senior roster label alone does not prove all 2027 eligibility exhausted.",https://miamihurricanes.com/sports/football/roster | https://miamihurricanes.com/sports/football/roster/season/2024-25/player/mark-fletcher-jr
miami|marquiselightfoot,Miami,Marquise Lightfoot,Front Seven,JR,90,RISING,ASCENDING,sourced opportunity or demonstrated progression with sizeable improvement odds,SUPPORTED,12,35,39,14,5,5,5,MEDIUM,UNCONFIRMED,,"Miami 2026 junior edge defender played 2025 all 16 games/one start with 25 tackles, 5.5 TFL, 2.5 sacks and six QB hurries after nine freshman games in 2024. Demonstrated rotational pass rush warrants upward role trajectory, but one-start sample and evolving technique cap certainty of a major breakout. First college year 2024 makes him 2027 draft eligible.",https://miamihurricanes.com/sports/football/roster/season/2025-26/player/marquise-lightfoot
miami|mohamedtoure,Miami,Mohamed Toure,Front Seven,8TH,84,DECLINE RISK,ESTABLISHED,credible existing college level or modal steady outlook; no guaranteed step forward,MODERATE,1,9,50,40,1,1,7,LOW,0,INJURY_CONTEXT,"Documented eighth and final college season in 2026 after 2019 redshirt, COVID exemption and 2022/2024 ACL medical redshirts. Must exit before Year 2 regardless of NFL declaration.",https://miamihurricanes.com/sports/football/roster/player/mohamed-toure | https://www.reuters.com/sports/reports-miami-lb-mohamed-toure-plans-return-8th-season--flm-2026-01-25/
miami|omarthornton,Miami,Omar Thornton,Secondary,JR,79,RISING,ESTABLISHED,credible existing college level or modal steady outlook; no guaranteed step forward,SUPPORTED,8,27,51,14,4,4,5,MEDIUM,UNCONFIRMED,RISING_LABEL_OBSCURES_STEADY_MODE,"Miami 2026 junior defensive back transfer from Boston College after 2025 All-ACC honorable mention in 12 games/11 starts with 82 tackles, eight TFL, four forced fumbles, two sacks and one interception. Established ACC disruptive nickel/run-support level with transfer-fit uncertainty; likely modest progress or steady rather than pure breakout. 2024 original college enrollment makes a 2027 NFL decision possible.",https://miamihurricanes.com/sports/football/roster/player/omar-thornton
miami|xavierlucas,Miami,Xavier Lucas,Secondary,JR,86,RISING,ESTABLISHED,credible existing college level or modal steady outlook; no guaranteed step forward,SUPPORTED,7,27,52,14,4,4,5,MEDIUM,UNCONFIRMED,RISING_LABEL_OBSCURES_STEADY_MODE,"Miami 2026 junior corner transferred from Wisconsin after 2024 freshman 11 appearances/one start. Started 13 of Miami's 16 2025 games with 45 tackles, eight pass breakups and one interception. Proven higher-level coverage role, limited new breakout headroom relative to established play, but corner turnover/coverage grades can vary with targets. 2024 matriculation enables 2027 draft.",https://miamihurricanes.com/sports/football/roster/season/2025-26/player/xavier-lucas
miami|zechariahpoyser,Miami,Zechariah Poyser,Secondary,JR,82,RISING,ESTABLISHED,credible existing college level or modal steady outlook; no guaranteed step forward,LIMITED,5,24,54,17,3,3,5,LOW,UNCONFIRMED,THIN_SAMPLE|RISING_LABEL_OBSCURES_STEADY_MODE,"Miami 2026 redshirt junior safety first played Jacksonville State in 2023 (four games/redshirt). Produced 2024 FWAA Freshman All-American season: 75 tackles, three interceptions and eight TFL. Started all 16 2025 Miami games earning All-ACC honorable mention, 68 tackles, three TFL, sack and six PBUs. With two established starting seasons, steady repeat outweighs huge breakout despite remaining improvement potential.",https://miamihurricanes.com/sports/football/roster/season/2025-26/player/zechariah-poyser
mississippi-state|amareewilliams,Mississippi State,Amaree Williams,Front Seven,JR,79,RISING,ASCENDING,sourced opportunity or demonstrated progression with sizeable improvement odds,LIMITED,13,37,39,11,5,5,5,MEDIUM,UNCONFIRMED,UNCERTAIN_ROLE_OR_COMPETITION|THIN_SAMPLE,"Florida State 2024-25 reserve defensive end transferred into Mississippi State's 2026 lineup, five consecutive starts, 10-tackle/two TFL/one sack breakout game at South Carolina and 2026 SEC Defensive Lineman of Week. Small sample of P4 impact with a clear expanded role; junior 2027 draft possible but not certain.",https://hailstate.com/sports/football/roster/amaree-williams/12985
mississippi-state|anthonyevansiii,Mississippi State,Anthony Evans III,WR,SR,93,RISING,ESTABLISHED,credible existing college level or modal steady outlook; no guaranteed step forward,SUPPORTED,8,30,48,14,4,4,5,MEDIUM,UNCONFIRMED,RISING_LABEL_OBSCURES_STEADY_MODE|UNCERTAIN_2027_ELIGIBILITY,"Mississippi State 2025 WR Georgia transfer made a critical game-winning touchdown catch at Arkansas as junior after special teams/receiver development; 2026 official senior with multiple college seasons of SEC experience. Moderate rise in senior targets possible, but available college evidence does not establish an elite 1,000-yard performer.",https://hailstate.com/sports/football/roster/anthony-evans-iii/12875
mississippi-state|djreed,Mississippi State,DJ Reed,Front Seven,JR,80,RISING,ASCENDING,sourced opportunity or demonstrated progression with sizeable improvement odds,SUPPORTED,15,38,35,12,5,5,5,MEDIUM,UNCONFIRMED,,"Mississippi State 2025 Auburn-transfer DL played all 13 games as backup with zero starts, 21 tackles, two TFL/two sacks, three quarterback hurries and PBU; 2023 Auburn one game/redshirt and 2024 two appearances without stats. 2026 redshirt junior can grow role but no sustained starting output.",https://hailstate.com/sports/football/roster/dj-reed/12911
mississippi-state|fluffbothwell,Mississippi State,Fluff Bothwell,RB,JR,91,RISING,ESTABLISHED,credible existing college level or modal steady outlook; no guaranteed step forward,MODERATE,8,28,48,16,4,4,6,MEDIUM,UNCONFIRMED,INJURY_CONTEXT|UNCERTAIN_ROLE_OR_COMPETITION|RISING_LABEL_OBSCURES_STEADY_MODE,"Mississippi State 2025 sophomore South Alabama transfer RB rushed 142 times for 677 yards and six TD in 11 games/five starts, following 2024 third-team All-Sun Belt and 13 touchdown season. Started SEC games and has 1,500+ career yards by 2026; feature potential real but volatile workload/injury.",https://hailstate.com/sports/football/roster/fluff-bothwell/12865
mississippi-state|isaacsmith,Mississippi State,Isaac Smith,Secondary,SR,86,RISING,ESTABLISHED,credible existing college level or modal steady outlook; no guaranteed step forward,MODERATE,5,23,56,16,3,3,5,LOW,UNCONFIRMED,INJURY_CONTEXT|RISING_LABEL_OBSCURES_STEADY_MODE|UNCERTAIN_2027_ELIGIBILITY,"Mississippi State 2025 hybrid safety/linebacker 64 tackles in ten games/nine starts and second-team All-SEC safety from PFSN, after 2024 SEC tackle lead. 2026 senior began all five games with 2026 shoulder/injury interruption noted. High established defense ability, very little giant breakout runway, moderate durability downside.",https://hailstate.com/sports/football/roster/isaac-smith/12919
mississippi-state|jjhill,Mississippi State,J.J. Hill,RB,FR,75,HIGH UPSIDE,EMERGING,early college career + individually modeled development runway,SUPPORTED,24,43,26,7,7,7,4,HIGH,UNCONFIRMED,,"Mississippi State 2026 true freshman running back J.J. (Jaeden) Hill entered from Tupelo high school, school bio cites 2025 1,500+ prep rushing yards and 14 touchdowns, but NO independently established college 2025 production. Development is high-uncertainty young talent, 2027 draft ineligible.",https://hailstate.com/sports/football/roster/jaeden-hill/13007
mississippi-state|jalensmith,Mississippi State,Jalen Smith,Front Seven,JR,76,RISING,ASCENDING,sourced opportunity or demonstrated progression with sizeable improvement odds,MODERATE,12,34,40,14,5,5,5,MEDIUM,UNCONFIRMED,INJURY_CONTEXT,"Mississippi State 2025 Tennessee transfer LB had career 95 tackles after 35 college appearances/five starts, SEC All-Freshman 2024; in 2026 opened with five starts and recorded eight tackles in three games and first career interception vs South Carolina before Alabama injury. Role expansion and injury risk balance.",https://hailstate.com/sports/football/roster/jalen-smith/12920
mississippi-state|jaraybledsoe,Mississippi State,Jaray Bledsoe,Front Seven,5TH,81,RISING,ESTABLISHED,credible existing college level or modal steady outlook; no guaranteed step forward,LIMITED,8,29,47,16,4,4,6,MEDIUM,0,THIN_SAMPLE|RISING_LABEL_OBSCURES_STEADY_MODE,"Mississippi State 2025 Texas-transfer DL 13 games/four starts, 28 tackles, 5.5 TFL and 1.5 sacks. Started all first five in 2026 with sack at Minnesota and forced fumble versus Alabama. 2026 official fifth-year/redshirt senior after first college entry 2022; modeled ordinary terminal eligibility with improving starter role.",https://hailstate.com/sports/football/roster/jaray-bledsoe/12863
mississippi-state|jardingilbert,Mississippi State,Jardin Gilbert,Secondary,6TH,82,RISING,ESTABLISHED,credible existing college level or modal steady outlook; no guaranteed step forward,MODERATE,7,26,49,18,4,4,6,MEDIUM,0,INJURY_CONTEXT|RISING_LABEL_OBSCURES_STEADY_MODE,"Mississippi State 2026 sixth-year safety transfer started all five early games and has 47 career games/29 starts; LSU 2024-25 preceded by Texas A&M 2021-23, earlier school cites 145 tackles/three INT/nine PBU/1.5 sacks. Shoulder injury in 2023 caused redshirt. Ordinary sixth-year final-season departure modeled while acknowledging waivers possible.",https://hailstate.com/sports/football/roster/jardin-gilbert/13004
mississippi-state|jettjefferson,Mississippi State,Jett Jefferson,Secondary,JR,89,RISING,VOLATILE,injury / small-sample / role-transition context and high modeled spread,MODERATE,15,38,33,14,5,5,6,HIGH,UNCONFIRMED,INJURY_CONTEXT|UNCERTAIN_ROLE_OR_COMPETITION,"Mississippi State 2025 JUCO-transfer CB played only four games, no starts and 10 tackles due injury/redshirt; previously East Central CC 2024 four INT/40 tackles. In 2026 started first five and led SEC in early pass breakups. Clear upside in higher-level coverage but prior P4 sample small and injury raises downside.",https://hailstate.com/sports/football/roster/amarien-jefferson/12887
mississippi-state|kamariotaylor,Mississippi State,Kamario Taylor,QB,SO,96,RISING,VOLATILE,injury / small-sample / role-transition context and high modeled spread,MODERATE,7,29,48,16,4,3,6,HIGH,UNCONFIRMED,YOUNG_ALREADY_HIGH_GRADE|INJURY_CONTEXT|RISING_LABEL_OBSCURES_STEADY_MODE|CHECK_HIGH_GRADE_UPSIDE,"2025 true freshman MSU QB with 629 passing yards/5 TD/1 INT plus 458 rushing yards/8 TD in 11 appearances; exploded in the first four games of 2026 including national leading 14 passing TD after Week 4. Current HQ already elite, limiting further grade gain. 2027 NFL draft ineligible because college entry was 2025; high public breakout does not erase small multi-season sample and injury risk.",https://hailstate.com/sports/football/roster/taylor-kamario/12925 | https://www.sbnation.com/college-football/1130874/kamario-taylor-keelon-russell-recruiting-alabama-mississippi-state
mississippi-state|kelleyjones,Mississippi State,Kelley Jones,Secondary,SR,93,RISING,PLATEAUING,documented established output + high steady probability / little further grade headroom,SUPPORTED,4,23,59,14,3,3,5,LOW,UNCONFIRMED,RISING_LABEL_OBSCURES_STEADY_MODE|UNCERTAIN_2027_ELIGIBILITY,"Mississippi State 2025 SEC third-team coaches CB started all 13 games, 34 tackles, 11 PBU and two INT. PFF school bio reports only 11 catches allowed on 38 targets. Returning official 2026 senior five starts through Alabama, elite SEC coverage sample makes steady likely, limited remaining development headroom.",https://hailstate.com/sports/football/roster/kelley-jones/12892
mississippi-state|kolinwilson,Mississippi State,Kolin Wilson,RB,FR,80,HIGH UPSIDE,EMERGING,early college career + individually modeled development runway,LIMITED,22,41,27,10,6,6,4,HIGH,UNCONFIRMED,THIN_SAMPLE,"Mississippi State redshirt freshman 2026 after 2025 true-freshman reserve: five appearances, six carries for 26 yards, no FBS starts, 2025 high school Gulf Shores career 4,500 yards is PREP not college production. First matriculated 2025, therefore 2027 NFL ineligible; more room to grow than established back.",https://hailstate.com/sports/football/roster/kolin-wilson/12936
mississippi-state|marcuswilliams,Mississippi State,Marcus Williams,Secondary,6TH,80,RISING,ESTABLISHED,credible existing college level or modal steady outlook; no guaranteed step forward,MODERATE,7,28,47,18,4,4,6,MEDIUM,0,INJURY_CONTEXT|RISING_LABEL_OBSCURES_STEADY_MODE,"Rice 2025 safety 12 of 13 starts, 67 tackles, 3.5 TFL and five PBU despite prior injury history; started five opening games at Mississippi State in 2026 with repeated five-plus tackle games. Official sixth-year after Rice 2021-25, modeled 2026 terminal eligibility, scheme-transition and injury volatility.",https://hailstate.com/sports/football/roster/marcus-williams/13017
mississippi-state|marquisjohnson,Mississippi State,Marquis Johnson,WR,SR,84,RISING,ESTABLISHED,credible existing college level or modal steady outlook; no guaranteed step forward,SUPPORTED,11,35,38,16,5,5,6,MEDIUM,UNCONFIRMED,UNCERTAIN_2027_ELIGIBILITY,Missouri 2025 junior WR 28 receptions for 340 yards/two TD across 12 games/seven starts after 2023 13 catches for 383 yards/three TD. Mississippi State 2026 senior transfer with 37 career games/nine starts and some big-play capacity but modest recent college volume; SEC transfer role unknown.,https://hailstate.com/sports/football/roster/marquis-johnson/12982
mississippi-state|samwest,Mississippi State,Sam West,TE,JR,80,RISING,ASCENDING,sourced opportunity or demonstrated progression with sizeable improvement odds,SUPPORTED,17,39,31,13,5,5,5,MEDIUM,UNCONFIRMED,,"Mississippi State 2025 Indiana-transfer TE played 13 games/two starts with five catches for 41 yards/one TD; 2024 Indiana only one catch for 37 yards, 2023 redshirt. 2026 redshirt junior can earn larger passing role, but low sample says not already a feature receiver.",https://hailstate.com/sports/football/roster/sam-west/12929
mississippi-state|sanfriscomagee,Mississippi State,Sanfrisco Magee,WR,SO,82,RISING,ASCENDING,sourced opportunity or demonstrated progression with sizeable improvement odds,LIMITED,17,39,33,11,6,6,5,HIGH,UNCONFIRMED,UNCERTAIN_ROLE_OR_COMPETITION|THIN_SAMPLE,"Mississippi State 2025 redshirt freshman WR caught only five passes for 80 yards/one TD in seven games; first four 2026 starts scored five receiving touchdowns including two at Missouri, but early red-zone conversion on tiny career sample is volatile. First college entry 2024; 2027 NFL technically possible but limited established volume.",https://hailstate.com/sports/football/roster/sanfrisco-magee/12899
mississippi-state|willwhitson,Mississippi State,Will Whitson,Front Seven,7TH,83,STEADY,VOLATILE,injury / small-sample / role-transition context and high modeled spread,MODERATE,6,25,47,22,3,3,7,HIGH,0,INJURY_CONTEXT,"Mississippi State 2025 DL from Coastal Carolina SEC D-Line weekly award and medical waiver to return for 2026; began Independence CC 2020-22, has seven-year official 2026 classification. Before 2026 had 71 tackles/13.5 TFL/seven sacks over 19 college appearances and multi-injury seasons. Model ordinary terminal 2026 after special medical permission, no assumed 2027 eighth-year grant.",https://hailstate.com/sports/football/roster/will-whitson/12391
mississippi-state|zakaritillman,Mississippi State,Zakari Tillman,Front Seven,SR,78,RISING,VOLATILE,injury / small-sample / role-transition context and high modeled spread,LIMITED,8,29,43,20,4,4,6,HIGH,UNCONFIRMED,INJURY_CONTEXT|THIN_SAMPLE|RISING_LABEL_OBSCURES_STEADY_MODE|UNCERTAIN_2027_ELIGIBILITY,"Mississippi State 2025 junior LB had 47 tackles/three TFL/one sack/one INT in 12 games/ten starts, missed final bowl with injury. 2026 senior missed four of first five weeks injured and only returned vs Missouri for three tackles per school updated bio; real healthy starter ability but more decline/injury risk than stable dominance.",https://hailstate.com/sports/football/roster/zakari-tillman/12926
mississippi-state|zionragins,Mississippi State,Zion Ragins,WR,SO,80,RISING,ASCENDING,sourced opportunity or demonstrated progression with sizeable improvement odds,SUPPORTED,16,40,34,10,6,6,5,HIGH,UNCONFIRMED,,"Oklahoma 2024 freshman receiver played 13 games/five starts with ten catches for 68 yards, redshirted after two games in 2025. Mississippi State 2026 redshirt sophomore four starts with three touchdown receptions in first four and team-leading yards/catch early. Young role and speed upside but tiny P4 receiver volume and transfer risk.",https://hailstate.com/sports/football/roster/zion-ragins/13027
missouri|ahmadhardy,Missouri,Ahmad Hardy,RB,JR,92,STEADY,PLATEAUING,documented established output + high steady probability / little further grade headroom,SUPPORTED,4,19,64,13,2,2,5,LOW,UNCONFIRMED,,"Missouri 2025 consensus first-team All-American and Doak Walker finalist set program record 1,649 rush yards and 16 TD on 256 carries (6.4 YPC), after 2024 ULM freshman 1,351 yards/13 TD. 2026 junior near elite college production ceiling, making steady and likely 2027 NFL declaration more defensible than a giant fictional breakout.",https://mutigers.com/sports/football/roster/season/2026/player/ahmad-hardy
missouri|austinsimmons,Missouri,Austin Simmons,QB,SR,91,RISING,VOLATILE,injury / small-sample / role-transition context and high modeled spread,LIMITED,14,32,39,15,6,6,5,HIGH,UNCONFIRMED,UNCERTAIN_ROLE_OR_COMPETITION|THIN_SAMPLE|UNCERTAIN_2027_ELIGIBILITY,"Official 2026 Missouri senior transfer from Ole Miss; new starter with a sharp early-2026 surge, notably Florida win. Strong upside is based on newly demonstrated starting ability, with thin settled Power Four starting sample and higher variance than established veterans. Do not treat senior label alone as proven 2027 ineligibility.",https://mutigers.com/sports/football/roster | https://www.reuters.com/sports/top-25-roundup-cj-carrs-5-td-day-leads-no-3-notre-dame-over-unc--flm-2026-10-03/
missouri|brettnorfleet,Missouri,Brett Norfleet,TE,SR,86,RISING,ESTABLISHED,credible existing college level or modal steady outlook; no guaranteed step forward,MODERATE,6,27,54,13,3,3,5,LOW,UNCONFIRMED,INJURY_CONTEXT|RISING_LABEL_OBSCURES_STEADY_MODE|UNCERTAIN_2027_ELIGIBILITY,"Missouri 2025 TE appeared in 11 games/ten starts with 31 catches, 254 receiving yards and five TD, adding critical run blocking in Ahmad Hardy's 1,649-yard rushing year. 2024 26/235/2, 2023 freshman All-American and 18/197/3. 2026 senior is established multi-year TE with limited additional breakout headroom and some shoulder history.",https://mutigers.com/sports/football/roster/season/2026/player/brett-norfleet
missouri|caydenlee,Missouri,Cayden Lee,WR,SR,93,RISING,ESTABLISHED,credible existing college level or modal steady outlook; no guaranteed step forward,LIMITED,7,31,48,14,4,4,5,MEDIUM,UNCONFIRMED,THIN_SAMPLE|RISING_LABEL_OBSCURES_STEADY_MODE|UNCERTAIN_2027_ELIGIBILITY,"Ole Miss 2025 wide receiver started all 15 games with 44 catches, 635 yards and three TD. Missouri 2026 senior transfer is already through first four games with 27 catches, 412 yards and four TD including 11/156/2 vs Mississippi State, indicating strong early fit; established P4 starter with some upside but short new-school sample.",https://mutigers.com/sports/football/roster/season/2026/player/cayden-lee
missouri|chrisgravesjr,Missouri,Chris Graves Jr.,Secondary,5TH,85,RISING,ESTABLISHED,credible existing college level or modal steady outlook; no guaranteed step forward,SUPPORTED,8,28,46,18,4,4,6,MEDIUM,0,RISING_LABEL_OBSCURES_STEADY_MODE,"Ole Miss 2025 corner started nine of 15 games with 33 tackles and four pass breakups; transferred to Missouri where official 2026 fifth-year roster credits starts in opening five games and six PBU. More consistent full-time role supports mild gains, but moderate transfer/coverage volatility; fifth-year models ordinary terminal 2026 season.",https://mutigers.com/sports/football/roster/season/2026/player/chris-graves-jr
missouri|daedenhopkins,Missouri,Daeden Hopkins,Front Seven,SO,92,HIGH UPSIDE,EMERGING,early college career + individually modeled development runway,SUPPORTED,20,41,27,12,6,6,5,HIGH,UNCONFIRMED,YOUNG_ALREADY_HIGH_GRADE,"Missouri 2025 freshman edge played five games as reserve without sustained verified sacks, then opened 2026 sophomore season with six sacks, 6.5 TFL and two forced fumbles in five games, including a 3.5-sack Mississippi State performance. Real early breakout and high upside, but small five-game output must not imply full-season reliability; 2025 matriculation makes 2027 NFL ineligible.",https://mutigers.com/sports/football/roster/season/2026/player/daeden-hopkins
missouri|donovanolugbode,Missouri,Donovan Olugbode,WR,SO,91,RISING,ASCENDING,sourced opportunity or demonstrated progression with sizeable improvement odds,SUPPORTED,13,38,39,10,5,5,4,MEDIUM,UNCONFIRMED,YOUNG_ALREADY_HIGH_GRADE,"Missouri 2025 true freshman WR had 30 catches, 401 yards and two TD in 13 games; 2026 sophomore 26 catches/407 yards/six TD in opening five games. Clearly ascending volume and red-zone role with youthful volatility, but enrolled 2025 and cannot declare for 2027 NFL draft.",https://mutigers.com/sports/football/roster/season/2026/player/donovan-olugbode
missouri|jalenmarshall,Missouri,Jalen Marshall,Front Seven,5TH,78,RISING,ESTABLISHED,credible existing college level or modal steady outlook; no guaranteed step forward,SUPPORTED,11,35,39,15,4,4,6,MEDIUM,0,,"Missouri 2025 interior defender appeared all 13 games/one start with 17 tackles, one TFL and a sack; 2024 12 games/one start five tackles, minimal 2022-23 action. Official 2026 fifth-year DT, credible rotational improvement but low recent disruptive ceiling; normal eligibility exhaustion after 2026 modeled.",https://mutigers.com/sports/football/roster/season/2026/player/jalen-marshall
missouri|jamalroberts,Missouri,Jamal Roberts,RB,SR,89,RISING,ESTABLISHED,credible existing college level or modal steady outlook; no guaranteed step forward,SUPPORTED,6,30,51,13,3,3,5,LOW,UNCONFIRMED,RISING_LABEL_OBSCURES_STEADY_MODE|UNCERTAIN_2027_ELIGIBILITY,"Missouri 2025 reserve-to-feature RB had 124 carries for 753 yards/six TD (6.1 YPC) plus 18 catches/141 yards and receiving TD; 2026 senior opened with 606 rushing yards and six TD in five games, including 211 yards/three TD vs Florida. Strong demonstrated P4 rushing impact; high draft interest and steady profile despite new early-season workload.",https://mutigers.com/sports/football/roster/season/2026/player/jamal-roberts
missouri|kensleylouidorfaustin,Missouri,Kensley Louidor-Faustin,Secondary,JR,76,RISING,ASCENDING,sourced opportunity or demonstrated progression with sizeable improvement odds,SUPPORTED,12,36,41,11,5,5,5,MEDIUM,UNCONFIRMED,,"Auburn 2025 defensive back appeared in 11 games/three starts, making 20 tackles, three TFL, one sack, an interception and two PBU. Missouri 2026 junior transfer immediately started opening five games with 23 tackles and five TFL, indicating significant role increase while transfer fit remains partly unproven.",https://mutigers.com/sports/football/roster/season/2026/player/kensley-louidor-faustin
missouri|langdenkitchen,Missouri,Langden Kitchen,Front Seven,SR,80,RISING,VOLATILE,injury / small-sample / role-transition context and high modeled spread,MODERATE,14,39,30,17,5,5,6,HIGH,UNCONFIRMED,UNCERTAIN_ROLE_OR_COMPETITION|UNCERTAIN_2027_ELIGIBILITY,"Missouri 2025 senior-age reserve edge made 13 tackles and half a TFL in 12 appearances after 2023-24 Northwest Missouri State Division II 20 games, 10.5 TFL/5.5 sacks. Started first four 2026 games with three TFL, eight tackles. P4 role growth possible but earlier DII production must not be treated as equivalent SEC sacks.",https://mutigers.com/sports/football/roster/season/2026/player/langden-kitchen
missouri|marquisgracial,Missouri,Marquis Gracial,Front Seven,5TH,82,RISING,ESTABLISHED,credible existing college level or modal steady outlook; no guaranteed step forward,SUPPORTED,10,32,44,14,4,4,5,MEDIUM,0,RISING_LABEL_OBSCURES_STEADY_MODE,"Missouri 2025 rotational DT played all 13 games with 16 tackles, two TFL, one forced fumble and pass breakup; 2024 nine tackles/1.5 TFL, very limited 2022-23 action. Official 2026 fifth-year interior defender and ordinary terminal college season assumption; greater role possible but no historic elite pass rush.",https://mutigers.com/sports/football/roster/player/marquis-gracial
missouri|naeshaunmontgomery,Missouri,Naeshaun Montgomery,WR,SO,80,HIGH UPSIDE,EMERGING,early college career + individually modeled development runway,SUPPORTED,19,40,30,11,6,6,5,HIGH,UNCONFIRMED,,"Florida 2025 true freshman WR appeared in four games to preserve redshirt, three catches for 26 yards; Missouri 2026 sophomore transferred in and started first five games, seven catches for 82 yards. Large opportunity leap but low current college target volume and transfer uncertainty; first 2025 matriculation disallows 2027 NFL draft.",https://mutigers.com/sports/football/roster/season/2026/player/naeshaun-montgomery
missouri|nicholasrodriguez,Missouri,Nicholas Rodriguez,Front Seven,JR,90,RISING,ESTABLISHED,credible existing college level or modal steady outlook; no guaranteed step forward,SUPPORTED,9,33,45,13,4,4,5,MEDIUM,UNCONFIRMED,RISING_LABEL_OBSCURES_STEADY_MODE,"Missouri 2025 LB appeared all 13 games with three starts, 61 tackles, four TFL, 1.5 sacks and a team-high seven PBU. By five 2026 junior games started every contest with 50 tackles and a sack including four straight double-digit tackle games, establishing a meaningful rising full-time SEC role, but not guaranteed draft exit.",https://mutigers.com/sports/football/roster/season/2026/player/nicholas-rodriguez
missouri|robertwoodyardjr,Missouri,Robert Woodyard Jr.,Front Seven,SR,87,RISING,ESTABLISHED,credible existing college level or modal steady outlook; no guaranteed step forward,MODERATE,8,30,47,15,4,4,5,MEDIUM,UNCONFIRMED,INJURY_CONTEXT|RISING_LABEL_OBSCURES_STEADY_MODE|UNCERTAIN_2027_ELIGIBILITY,"Auburn 2025 starting linebacker played 12 games/11 starts with 67 tackles, seven TFL and two sacks. Missouri 2026 senior transfer started five games and posted 37 tackles, 2.5 TFL, interception and forced fumble, with injury during Florida contest. Proven SEC impact with moderate steady/improve odds and some durability/transfer uncertainty.",https://mutigers.com/sports/football/roster/season/2026/player/robert-woodyard-jr
missouri|santanabanner,Missouri,Santana Banner,Secondary,SR,82,RISING,ESTABLISHED,credible existing college level or modal steady outlook; no guaranteed step forward,LIMITED,8,27,53,12,4,4,5,LOW,UNCONFIRMED,THIN_SAMPLE|RISING_LABEL_OBSCURES_STEADY_MODE|UNCERTAIN_2027_ELIGIBILITY,"Missouri 2025 defensive back appeared all 13 games/one start with 59 tackles, one TFL, an interception and three PBU; prior Northern Illinois experience. Through first five games of 2026 senior season started all, 44 tackles, two TFL and three PBU; trusted regular with bounded growth rather than developmental unknown.",https://mutigers.com/sports/football/roster/season/2026/player/santana-banner
missouri|sionelaulea,Missouri,Sione Laulea,Secondary,5TH,89,RISING,ESTABLISHED,credible existing college level or modal steady outlook; no guaranteed step forward,SUPPORTED,11,34,39,16,5,5,6,HIGH,0,,"Oregon 2025 CB appeared six games with seven tackles, two PBU in 116 defensive snaps; 2024 Oregon four games three tackles/one INT after College of San Mateo 2022-23 (27 tackles/four PBUs in 2023). Missouri official 2026 fifth-year transfer started opening five games, 22 tackles/five PBU and INT. Rise from low recent P4 minutes plus level jump entails volatility, final-year assumption.",https://mutigers.com/sports/football/roster/season/2026/player/sione-laulea
missouri|trajengreco,Missouri,Trajen Greco,Secondary,JR,80,RISING,ASCENDING,sourced opportunity or demonstrated progression with sizeable improvement odds,LIMITED,15,38,35,12,5,5,5,MEDIUM,UNCONFIRMED,UNCERTAIN_ROLE_OR_COMPETITION|THIN_SAMPLE,"Missouri 2025 safety played all games but made just seven tackles/one TFL after 2024 two tackles and special teams, first enrolled January 2024. Earned three early 2026 junior starts, 12 tackles and first college interception vs Mississippi State. Role opportunity merits improvement upside, but limited track record as starter.",https://mutigers.com/sports/football/roster/season/2026/player/trajen-greco
missouri|xaishaunedwards,Missouri,Xai'Shaun Edwards,RB,JR,75,RISING,VOLATILE,injury / small-sample / role-transition context and high modeled spread,MODERATE,11,32,38,19,5,5,6,HIGH,UNCONFIRMED,UNCERTAIN_ROLE_OR_COMPETITION,"Houston Christian 2025 standout RB rushed 1,061 yards and 12 TD in 12 games after four carries for 19 yards in 2024 freshman season. Missouri 2026 junior transfer played first four games with 26 rushes for 114 yards/one TD: strong FCS tape and P4 role competition imply both potential breakthrough and risk.",https://mutigers.com/sports/football/roster/player/xaishaun-edwards
notre-dame|adonshuler,Notre Dame,Adon Shuler,Secondary,SR,89,STEADY,ESTABLISHED,credible existing college level or modal steady outlook; no guaranteed step forward,SUPPORTED,4,20,60,16,2,2,5,LOW,UNCONFIRMED,UNCERTAIN_2027_ELIGIBILITY,"Notre Dame 2026 senior safety established consecutive starting seasons: 2024 all 16 starts, 59 tackles/three INT, 2025 11 starts with 53 tackles/two picks/two forced fumbles/five PBUs, 2026 early five starts and INT versus Michigan State. Already proven coverage/turnover contributor with relatively little grade upside, and high 2027 draft probability; class senior is not guaranteed college eligibility expiry.",https://fightingirish.com/sports/football/roster/player/adon-shuler
notre-dame|aneyaswilliams,Notre Dame,Aneyas Williams,RB,JR,86,RISING,ESTABLISHED,credible existing college level or modal steady outlook; no guaranteed step forward,SUPPORTED,11,33,43,13,5,5,5,MEDIUM,UNCONFIRMED,,"Notre Dame junior RB worked behind other feature backs in 2025 (24 rushes/224 yards/five TD and two catches/40 yards), then entered 2026 as starter, opening with 20 carries/90 yards/two TD vs Wisconsin and 80 rushing yards vs Purdue. Higher starter workload supports realistic 2027 improvement but prior 9.3 YPC on limited touches may regress under larger volume. First enrolled 2024 and draft eligible 2027.",https://fightingirish.com/sports/football/roster/player/aneyas-williams
notre-dame|boubacartraore,Notre Dame,Boubacar Traore,Front Seven,SR,90,RISING,ESTABLISHED,credible existing college level or modal steady outlook; no guaranteed step forward,MODERATE,9,26,45,20,4,4,7,MEDIUM,UNCONFIRMED,INJURY_CONTEXT|RISING_LABEL_OBSCURES_STEADY_MODE|UNCERTAIN_2027_ELIGIBILITY,"Notre Dame senior defensive end with documented 2025 comeback recognition after serious prior injury, 2026 Bednarik/Nagurski watch lists and an opening-game sack with two TFL. Recovery curve allows more upside than usual senior edge, but injury history creates larger downside swing.",https://fightingirish.com/sports/football/roster/season/2025-26/player/boubacar-traore
notre-dame|brauntaejohnson,Notre Dame,Brauntae Johnson,Secondary,JR,88,RISING,ESTABLISHED,credible existing college level or modal steady outlook; no guaranteed step forward,SUPPORTED,5,23,60,12,3,3,5,LOW,UNCONFIRMED,RISING_LABEL_OBSCURES_STEADY_MODE,"Notre Dame junior safety earned FWAA Freshman All-America in 2025 with eight starts in ten games, 48 tackles, four interceptions (including pick-six), three PBUs and special-teams blocked-punt TD. Played early 2026 starter snaps and preseason All-America honors. Two-way coverage/ball skills already recognized, so steady repeat is more likely than a huge new breakout, but 2027 draft remains an individual choice.",https://fightingirish.com/sports/football/roster/player/tae-johnson
notre-dame|bryceyoung,Notre Dame,Bryce Young,Front Seven,JR,88,RISING,ASCENDING,sourced opportunity or demonstrated progression with sizeable improvement odds,SUPPORTED,12,36,39,13,5,5,5,MEDIUM,UNCONFIRMED,,"Notre Dame junior defensive end had 2025 12 games/one start with 20 tackles, two sacks/two TFL and three PBUs, then started 2026 with sack and 2.5 TFL vs Rice plus repeated early season starts. Starter promotion gives authentic developmental runway, more credible than basing 2027 profile on recruiting rank alone. First enrolled 2024.",https://fightingirish.com/sports/mission24k/roster/season/2025-26/player/bryce-young
notre-dame|christiangray,Notre Dame,Christian Gray,Secondary,SR,77,RISING,ESTABLISHED,credible existing college level or modal steady outlook; no guaranteed step forward,SUPPORTED,4,23,60,13,3,3,5,LOW,UNCONFIRMED,RISING_LABEL_OBSCURES_STEADY_MODE|UNCERTAIN_2027_ELIGIBILITY,"Notre Dame 2026 senior corner built stable 2025 coverage résumé with 10 starts, two interceptions and 11 pass breakups despite only 17 tackles; through early 2026 remained a regular starter with a PBU versus Michigan State. Few tackles are normal for a coverage corner and not evidence of weak ability. High steady rate and NFL departure estimate without presuming a guaranteed draft declaration.",https://fightingirish.com/sports/football/roster/player/christian-gray
notre-dame|cjcarr,Notre Dame,CJ Carr,QB,JR,95,RISING,ESTABLISHED,credible existing college level or modal steady outlook; no guaranteed step forward,LIMITED,8,25,51,16,4,4,5,MEDIUM,UNCONFIRMED,THIN_SAMPLE|RISING_LABEL_OBSCURES_STEADY_MODE,"Notre Dame 2024 matriculation; 2025 first 12 college starts with 2,741 passing yards and 24 TDs; productive 2026 start. Legitimate 2027 decision but not an automatic exit.",https://fightingirish.com/sports/football/roster/season/2025-26/player/cj-carr
notre-dame|cooperflanagan,Notre Dame,Cooper Flanagan,TE,SR,78,RISING,ESTABLISHED,credible existing college level or modal steady outlook; no guaranteed step forward,MODERATE,5,25,52,18,3,3,5,MEDIUM,UNCONFIRMED,UNCERTAIN_ROLE_OR_COMPETITION|RISING_LABEL_OBSCURES_STEADY_MODE|UNCERTAIN_2027_ELIGIBILITY,"Notre Dame senior TE was predominantly a blocking/role player in 2025 with limited noted receptions, and 2026 started first five games catching touchdowns vs Rice and Purdue while contributing to run blocking. Real red-zone role and size but not established high-volume receiver; modest improvement and some scoring-volume regression both credible. Enrolled 2023, fourth academic year not automatically exhausted.",https://fightingirish.com/sports/football/roster/player/cooper-flanagan
notre-dame|djmckinney,Notre Dame,DJ McKinney,Secondary,5TH,86,STEADY,ESTABLISHED,credible existing college level or modal steady outlook; no guaranteed step forward,MODERATE,4,19,54,23,3,3,5,MEDIUM,0,INJURY_CONTEXT,"Notre Dame official 2026 FIFTH-YEAR CB transfer via Oklahoma State/Colorado: Colorado 2024 13 starts/62 tackles/three INT/nine PBUs, 2025 nine starts/35 tackles/five PBUs and injury final three games. Started early 2026 with 55-yard interception return vs Wisconsin. Recovery/coverage variability increases downside, but multi-year Power Four coverage is proven. 2022 first enrollment and official fifth year imply normal eligibility ends after 2026.",https://fightingirish.com/sports/football/roster/player/dj-mckinney
notre-dame|draykbowen,Notre Dame,Drayk Bowen,Front Seven,SR,88,STEADY,ESTABLISHED,credible existing college level or modal steady outlook; no guaranteed step forward,MODERATE,3,19,62,16,2,2,5,LOW,UNCONFIRMED,INJURY_CONTEXT|UNCERTAIN_2027_ELIGIBILITY,"Notre Dame senior LB won preseason 2026 major-award watch honors after previous sustained starting play; 2026 early games featured nine tackles vs Wisconsin, eight against Michigan State and fumble-recovery touchdown at Purdue. Established tackling instincts/physical readiness make second large college breakout unlikely; very high 2027 pro-exit risk, not guaranteed graduation from senior label.",https://fightingirish.com/sports/football/roster/player/drayk-bowen
notre-dame|jaidenausberry,Notre Dame,Jaiden Ausberry,Front Seven,SR,86,RISING,ESTABLISHED,credible existing college level or modal steady outlook; no guaranteed step forward,LIMITED,7,30,48,15,4,4,5,MEDIUM,UNCONFIRMED,THIN_SAMPLE|RISING_LABEL_OBSCURES_STEADY_MODE|UNCERTAIN_2027_ELIGIBILITY,"Notre Dame 2026 senior LB started 10 of 12 games in 2025 with 51 tackles and five QB hurries, including eight tackles and first career full sack vs Boise State. Started 2026 Wisconsin opener with seven tackles, showing proven defensive role; improvement from experience possible without projecting all-star certainty. Originally enrolled 2023.",https://fightingirish.com/sports/football/roster/player/jaiden-ausberry
notre-dame|jordanfaison,Notre Dame,Jordan Faison,WR,SR,88,STEADY,ESTABLISHED,credible existing college level or modal steady outlook; no guaranteed step forward,SUPPORTED,4,19,62,15,3,3,5,LOW,UNCONFIRMED,UNCERTAIN_2027_ELIGIBILITY,"Notre Dame 2026 senior WR 2025 led team with 49 catches/640 yards/four TD in 12 starts plus 15 punt returns for 153 yards, Burlsworth Trophy semifinalist. Early 2026 five-game output 25 receptions/371 yards/four TD including 132 yards and two scores against UNC. Multi-year receiving and return value is established; high steady probability, less room for massive last-year leap, strong NFL consideration.",https://fightingirish.com/sports/football/roster/player/jordan-faison
notre-dame|keonkeeley,Notre Dame,Keon Keeley,Front Seven,SR,84,RISING,ESTABLISHED,credible existing college level or modal steady outlook; no guaranteed step forward,SUPPORTED,13,31,38,18,5,5,6,MEDIUM,UNCONFIRMED,UNCERTAIN_2027_ELIGIBILITY,"Notre Dame 2026 senior edge transferred from Alabama after 2025 13 games, 16 tackles/three sacks and blocked punt; 2024 six games/three tackles. In early 2026 appeared on Irish defense with three tackles vs Rice. Still no proven high-snap senior pass-rusher season, so a new-role breakout is possible but not guaranteed by five-star recruitment; rotation/downside remains.",https://fightingirish.com/sports/football/roster/player/keon-keeley
notre-dame|kyngstonnviliamuasa,Notre Dame,Kyngstonn Viliamu-Asa,Front Seven,JR,91,RISING,ESTABLISHED,credible existing college level or modal steady outlook; no guaranteed step forward,MODERATE,8,28,49,15,4,4,5,MEDIUM,UNCONFIRMED,INJURY_CONTEXT|RISING_LABEL_OBSCURES_STEADY_MODE,"Notre Dame 2026 junior LB earned 2026 preseason All-American/award-list recognition after a 2025 11-game campaign with 48 tackles, 7.5 TFL, three sacks, interception and two PBUs in only two starts. Missed final 2025 game through injury and 2026 Wisconsin opener but returned with five tackles/1.5 TFL vs Rice; this has genuine coverage, inside run, and pass-rush value, plus limited medical downside. First enrolled 2024; likely 2027 draft candidate.",https://fightingirish.com/sports/football/roster/season/2024-25/player/kyngstonn-viliamu-asa
notre-dame|leonardmoore,Notre Dame,Leonard Moore,Secondary,JR,98,STEADY,PLATEAUING,documented established output + high steady probability / little further grade headroom,SUPPORTED,3,15,65,17,1,1,4,LOW,UNCONFIRMED,,"Notre Dame 2026 junior CB, unanimous All-American in 2025 with five INT, seven PBUs and Jim Thorpe finalist. 2026 preseason All-American and dependable early coverage play. Established near-ceiling current ability makes major breakouts mathematically unlikely and NFL departure very likely; not a guaranteed declaration.",https://fightingirish.com/sports/football/roster/player/leonard-moore
notre-dame|luketalich,Notre Dame,Luke Talich,Secondary,SR,86,RISING,ESTABLISHED,credible existing college level or modal steady outlook; no guaranteed step forward,LIMITED,7,23,53,17,4,4,5,MEDIUM,UNCONFIRMED,INJURY_CONTEXT|UNCERTAIN_ROLE_OR_COMPETITION|THIN_SAMPLE|RISING_LABEL_OBSCURES_STEADY_MODE|UNCERTAIN_2027_ELIGIBILITY,"Notre Dame 2026 senior safety contributed 2025 25 tackles, three interceptions, three PBUs and special-teams TDs (blocked punt recovery and 84-yard fake-punt receiving score). In first five games 2026 gained starting responsibility, interception vs Michigan State and one against UNC with blocked PAT, proving multi-phase impact beyond pure tackle volume. Moderate growth possible but turnover repeat volatile.",https://fightingirish.com/sports/football/roster/player/luke-talich
notre-dame|micahgilbert,Notre Dame,Micah Gilbert,WR,JR,82,RISING,VOLATILE,injury / small-sample / role-transition context and high modeled spread,MODERATE,17,37,31,15,6,6,5,HIGH,UNCONFIRMED,UNCERTAIN_ROLE_OR_COMPETITION,"Notre Dame junior WR broke through in 2026 after limited 2025 reserve line (nine receptions/93 yards/one TD across ten games), starting 2026 with three catches/34 vs Wisconsin, two for 47/TD vs Rice, eight for 170 yards vs Michigan State and two for 83/TD at Purdue. Strong current production and 2024 initial matriculation support high upside, but one explosive month is not a full proven elite season.",https://fightingirish.com/sports/football/roster/player/micah-gilbert
notre-dame|mylangraham,Notre Dame,Mylan Graham,WR,JR,80,HIGH UPSIDE,ASCENDING,sourced opportunity or demonstrated progression with sizeable improvement odds,LIMITED,18,37,30,15,6,6,5,HIGH,UNCONFIRMED,THIN_SAMPLE,"Notre Dame 2026 junior receiver transfer from Ohio State, where his 2025 output was six catches/93 yards in nine games, 2024 four games and no established starter role. Through first 2026 Irish games logged limited catches (2/24 vs Rice, 1/8 vs MSU). Upside rests on expanded snaps, not recruiting hype, and higher role/usage volatility is appropriate. Entered college 2024 and may declare 2027, currently unlikely.",https://fightingirish.com/sports/football/roster/player/mylan-graham
notre-dame|nolanjamesjr,Notre Dame,Nolan James Jr.,RB,SO,80,RISING,ASCENDING,sourced opportunity or demonstrated progression with sizeable improvement odds,SUPPORTED,16,39,33,12,6,6,5,HIGH,UNCONFIRMED,,"Notre Dame 2026 sophomore RB only had 14 rushes/37 yards in four 2025 freshman games; breakout 2026 role includes 26 carries/121 yards/TD vs Michigan State and scoring through rushing and receiving in September. This is a real college workload step forward but just a few games as feature back, leaving sizable upward/health/scheme variance. First enrolled 2025 and ineligible for 2027 NFL Draft.",https://fightingirish.com/sports/football/roster/season/2025-26/player/nolan-james-jr
ohio-state|bojackson,Ohio State,Bo Jackson,RB,SO,91,RISING,ESTABLISHED,credible existing college level or modal steady outlook; no guaranteed step forward,SUPPORTED,10,36,43,11,5,5,5,MEDIUM,UNCONFIRMED,YOUNG_ALREADY_HIGH_GRADE,"Ohio State official sophomore RB gained 1,090 rushing yards and six rushing TD with 19 catches for 200 yards in 2025 while starting 10 of 13 games. In 2026 through Iowa he posted 83/74/73/56/70 rushing yards across first five games, showing real ability but ordinary week-to-week variance. 2025 matriculation means 2027 NFL Draft ordinarily unavailable; substantial growth plausible but not an unproven recruit.",https://ohiostatebuckeyes.com/sports/football/roster/bo-jackson/13305
ohio-state|brandoninniss,Ohio State,Brandon Inniss,WR,SR,86,RISING,ESTABLISHED,credible existing college level or modal steady outlook; no guaranteed step forward,SUPPORTED,11,30,42,17,5,5,5,MEDIUM,UNCONFIRMED,RISING_LABEL_OBSCURES_STEADY_MODE|UNCERTAIN_2027_ELIGIBILITY,"Ohio State 2026 senior slot WR/return captain: 2025 35 receptions for 271 yards/three TD in 14 games and six starts, 17 punt returns for 181yd and All-Big Ten special teams HM. First four games 2026 include 78-yard four-catch outing vs Kent State but limited other receiving opportunity. More high-volume role upside remains than his senior class implies; NFL declaration chance lower than elite WR peers.",https://ohiostatebuckeyes.com/sports/football/roster/innissbrandon/13304
ohio-state|chrishenryjr,Ohio State,Chris Henry Jr.,WR,FR,79,HIGH UPSIDE,EMERGING,early college career + individually modeled development runway,MODERATE,19,40,28,13,8,8,5,HIGH,UNCONFIRMED,,Ohio State 2026 true freshman WR caught a 15-yard TD in debut vs Ball State and 75-yard TD against Kent State in September. Two explosive catches support real flash but extremely small college workload; high-school ranking cannot justify established starter talent. Major growth potential in 2027 coexists with very high usage volatility; not 2027 draft eligible.,https://ohiostatebuckeyes.com/sports/football/roster/chris-henry-jr/13356
ohio-state|christianalliegro,Ohio State,Christian Alliegro,Front Seven,SR,82,RISING,ESTABLISHED,credible existing college level or modal steady outlook; no guaranteed step forward,SUPPORTED,7,24,52,17,3,3,5,MEDIUM,UNCONFIRMED,RISING_LABEL_OBSCURES_STEADY_MODE|UNCERTAIN_2027_ELIGIBILITY,"Ohio State 2026 senior LB transfer from Wisconsin earned 2025 honorable-mention All-Big Ten, with single-game high 16 tackles at Iowa in 2024 and eight career one-sack games. In early 2026 recorded three tackles/TFL vs Ball State, five vs Texas and a pass defense vs Kent State; current full-time program switch creates adjustment risk, but proven conference starting experience favors modest change over huge breakout.",https://ohiostatebuckeyes.com/sports/football/roster/christian-alliegro/13355
ohio-state|devinmccuin,Ohio State,Devin McCuin,WR,SR,85,RISING,ESTABLISHED,credible existing college level or modal steady outlook; no guaranteed step forward,SUPPORTED,9,32,41,18,5,5,5,MEDIUM,UNCONFIRMED,RISING_LABEL_OBSCURES_STEADY_MODE|UNCERTAIN_2027_ELIGIBILITY,"Ohio State 2026 senior WR transferred from UTSA after 2025 third-team All-American Conference honor and multiple 100-yard college games. In first 2026 game caught six for 97 yards and a TD vs Ball State, but next game just one for five at Texas, reflecting high role/target volatility. Proven Group-of-Five receiver play, not a guaranteed elite Power Four breakout.",https://ohiostatebuckeyes.com/sports/football/roster/devin-mccuin/13347
ohio-state|devinsanchez,Ohio State,Devin Sanchez,Secondary,SO,86,RISING,ESTABLISHED,credible existing college level or modal steady outlook; no guaranteed step forward,SUPPORTED,10,34,43,13,5,5,4,MEDIUM,UNCONFIRMED,,"Ohio State sophomore corner from 2025 high-school entry took a bigger 2026 role: eight tackles/TFL vs Texas, eight tackles/three pass deflections vs Illinois and two PBUs vs Ball State. No established elite 2025 full-season starting résumé in official bio; emerging corner with legitimate coverage improvement and moderate risk, 2027 draft ineligible under NFL three-year rule.",https://ohiostatebuckeyes.com/sports/football/roster/devin-sanchez/13330
ohio-state|earllittlejr,Ohio State,Earl Little Jr.,Secondary,5TH,85,STEADY,ESTABLISHED,credible existing college level or modal steady outlook; no guaranteed step forward,SUPPORTED,4,19,54,23,3,3,6,MEDIUM,0,,"Ohio State official 2026 fifth-year safety transferred from Florida State after leading FSU 2025 with 76 tackles, four INT and two forced fumbles in 12 games/11 starts, earning second-team All-ACC and team Defensive MVP. Multi-school transfer and turnover variation introduce downside, but established ACC coverage/playmaking makes huge breakout unlikely; normal fifth-year college window expires after 2026 absent a special waiver.",https://ohiostatebuckeyes.com/sports/football/roster/earl-little%20jr./13345
ohio-state|eddrickhouston,Ohio State,Eddrick Houston,Front Seven,JR,83,RISING,ESTABLISHED,credible existing college level or modal steady outlook; no guaranteed step forward,SUPPORTED,9,30,47,14,4,4,5,MEDIUM,UNCONFIRMED,RISING_LABEL_OBSCURES_STEADY_MODE,"Ohio State junior DE played 13 games/four starts in 2025, earning honorable mention All-Big Ten and totaling a career-high five tackles/1.5 sacks vs Miami in CFP. Early 2026 playing time is real (56 snaps at Texas, 38 at Iowa) with modest tackle totals. Relative to more experienced senior edge prospects, role growth is plausible but not a locked star trajectory.",https://ohiostatebuckeyes.com/sports/football/roster/eddrick-houston/13302
ohio-state|jakobijackson,Ohio State,Ja'Kobi Jackson,RB,5TH,86,STEADY,VOLATILE,injury / small-sample / role-transition context and high modeled spread,MODERATE,9,24,43,24,4,4,7,HIGH,0,INJURY_CONTEXT,"Ohio State 2026 fifth-year RB transferred from Florida after injury-shortened 2025 medical redshirt (four games, 27 carries/98 yards). Previously rushed for 116 vs Texas in 2024; 2026 first four Ohio State games included 83 yards/TD vs Ball State and two TD vs Kent State. Useful red-zone runner with medical recovery variance, not a perennial elite bellcow; fifth-year status implies normal 2026 exit unless additional waiver.",https://ohiostatebuckeyes.com/sports/football/roster/jakobi-jackson/13364
ohio-state|jaytimmons,Ohio State,Jay Timmons,Secondary,FR,86,RISING,EMERGING,early college career + individually modeled development runway,MODERATE,13,33,42,12,6,6,5,HIGH,UNCONFIRMED,INJURY_CONTEXT,"Ohio State 2026 true freshman corner earned significant early playing time rather than just prep reputation: two PBUs vs Ball State, six tackles plus forced fumble/recovery at Texas and four additional games in September. Early coverage responsibility is credible, but no 2025 college season limits stability evidence. Draft-ineligible through 2027 from 2026 college entry.",https://ohiostatebuckeyes.com/sports/football/roster/jay-timmons/13365
ohio-state|jaylenmcclain,Ohio State,Jaylen McClain,Secondary,JR,87,RISING,ESTABLISHED,credible existing college level or modal steady outlook; no guaranteed step forward,SUPPORTED,7,25,53,15,4,4,5,LOW,UNCONFIRMED,RISING_LABEL_OBSCURES_STEADY_MODE,"Ohio State junior safety was third-team All-Big Ten in 2025, and in 2026 registered five tackles and an INT at Texas and another interception at Iowa. Significant current defensive workload and established conference honors warrant strong steady projection with modest 2027 NFL exit probability to high level. College entry 2024 qualifies for 2027 draft.",https://ohiostatebuckeyes.com/sports/football/roster/jaylen-mcclain/13317
ohio-state|jeremiahsmith,Ohio State,Jeremiah Smith,WR,JR,99,STEADY,PLATEAUING,documented established output + high steady probability / little further grade headroom,MODERATE,4,18,62,16,2,0,5,LOW,UNCONFIRMED,NUMERIC_GRADE_CEILING,"Official Ohio State career and 2026 receiving dominance, 2025 unanimous All-American; CBS projects 2027 No. 1. Little credible room for a giant in-game breakout.",https://ohiostatebuckeyes.com/sports/football/roster/jeremiah-smith/13335 | https://www.cbssports.com/nfl/draft/mock-draft/
ohio-state|jermainemathewsjr,Ohio State,Jermaine Mathews Jr.,Secondary,SR,93,STEADY,PLATEAUING,documented established output + high steady probability / little further grade headroom,SUPPORTED,4,21,59,16,3,3,5,LOW,UNCONFIRMED,UNCERTAIN_2027_ELIGIBILITY,"Ohio State 2026 senior corner played 14 starts in 2025, 799 snaps, 26 tackles, two INT, three deflections and a sack, earning third-team All-Big Ten. Early 2026 starts and Lott watch-list status reinforce experienced Power Four coverage player with limited giant-breakout room and high NFL-declaration estimate, not automatic last-year graduation.",https://ohiostatebuckeyes.com/sports/football/roster/jermaine-mathews%2520jr./13316
ohio-state|johnwalker,Ohio State,John Walker,Front Seven,SR,84,RISING,ESTABLISHED,credible existing college level or modal steady outlook; no guaranteed step forward,SUPPORTED,8,28,48,16,4,4,5,MEDIUM,UNCONFIRMED,RISING_LABEL_OBSCURES_STEADY_MODE|UNCERTAIN_2027_ELIGIBILITY,"Ohio State 2026 senior DT transfer from UCF, where he started all 12 games in 2025 with 40 tackles, three TFL and one sack. At Ohio State produced four tackles vs Texas on 58 snaps, showing immediate rotation participation with a higher-competition role adjustment. Useful interior defender, limited elite rush disruption; modest improvement upside and normal transfer uncertainty.",https://ohiostatebuckeyes.com/sports/football/roster/john-walker/13376
ohio-state|juliansayin,Ohio State,Julian Sayin,QB,JR,93,STEADY,PLATEAUING,documented established output + high steady probability / little further grade headroom,SUPPORTED,4,20,61,15,2,2,5,LOW,UNCONFIRMED,,"Ohio State 2026 junior enrolled in 2024; national leader in 2025 completion rate at 77% and second in passer rating (177.46), with established accuracy and less reason for a large breakout. 2026 current play remains high level; high 2027 declaration odds with year-remaining inference left unresolved.",https://ohiostatebuckeyes.com/sports/football/roster/julian-sayin/13331
ohio-state|kenyattajacksonjr,Ohio State,Kenyatta Jackson Jr.,Front Seven,5TH,89,STEADY,ESTABLISHED,credible existing college level or modal steady outlook; no guaranteed step forward,SUPPORTED,3,19,62,16,2,2,5,LOW,0,,"Ohio State 2026 official fifth-year defensive end; in 2025 started all 14 games, producing 11 TFL, 6.5 sacks, 28 tackles and All-Big Ten honorable mention. In 2026 logged five tackles/TFL vs Texas, a sack vs Illinois and strip sack vs Iowa. This is an established front-line rush profile with little development runway and high NFL exit risk; normal five-year college clock exhausted after 2026.",https://ohiostatebuckeyes.com/sports/football/roster/kenyatta-jackson-jr/13306
ohio-state|nateroberts,Ohio State,Nate Roberts,TE,SO,82,RISING,ASCENDING,sourced opportunity or demonstrated progression with sizeable improvement odds,SUPPORTED,16,40,32,12,6,6,5,HIGH,UNCONFIRMED,,"Ohio State 2026 sophomore TE played 13 games for four catches/30 yards in 2025 then expanded to four catches/36 yards vs Illinois, a 2026 TD against Kent State and more than 40 snaps against Texas. Genuine sophomore receiving-role improvement but limited high-volume history; meaningful Year 2 development opportunity with competition-driven variance, 2027 draft ineligible.",https://ohiostatebuckeyes.com/sports/football/roster/nate-roberts/13326
ohio-state|paytonpierce,Ohio State,Payton Pierce,Front Seven,JR,84,RISING,ESTABLISHED,credible existing college level or modal steady outlook; no guaranteed step forward,SUPPORTED,9,30,48,13,4,4,5,MEDIUM,UNCONFIRMED,RISING_LABEL_OBSCURES_STEADY_MODE,"Ohio State junior LB earned 2025 honorable mention All-Big Ten with an interception vs Illinois; in first part of 2026 had nine tackles and forced fumble at Texas, a sack and two TFL vs Illinois. Established tackling/run and pressure participation, with possible increased responsibility but no proof of perennial elite pass-rush production. 2024 college entry permits 2027 declaration.",https://ohiostatebuckeyes.com/sports/football/roster/payton-pierce/13324
ohio-state|rileypettijohn,Ohio State,Riley Pettijohn,Front Seven,SO,88,RISING,ASCENDING,sourced opportunity or demonstrated progression with sizeable improvement odds,MODERATE,14,38,37,11,6,6,5,HIGH,UNCONFIRMED,INJURY_CONTEXT|UNCERTAIN_ROLE_OR_COMPETITION,"Ohio State sophomore linebacker earned meaningful early 2026 snaps: six tackles vs Ball State, sack and 1.5 TFL at Texas, interception vs Kent State and two TFL vs Illinois, following limited first-year 2025 defensive action including fumble recovery. Real athletic/production breakout path with limited multi-year sample; 2025 matriculation makes 2027 NFL draft impossible.",https://ohiostatebuckeyes.com/sports/football/roster/riley-pettijohn/13323
oklahoma-state|calebhawkins,Oklahoma State,Caleb Hawkins,RB,SO,94,RISING,ESTABLISHED,credible existing college level or modal steady outlook; no guaranteed step forward,SUPPORTED,7,28,56,9,4,4,5,MEDIUM,UNCONFIRMED,YOUNG_ALREADY_HIGH_GRADE|RISING_LABEL_OBSCURES_STEADY_MODE|CHECK_HIGH_GRADE_UPSIDE,"North Texas 2025 true freshman NCAA-record 29 TD scorer, FBS statistical scoring champion, multiple All-America honors and Doak Walker semifinalist. Oklahoma State 2026 sophomore has proven scoring talent; major leap less likely than steady with transfer uncertainty. 2025 college matriculation disallows 2027 NFL draft.",https://okstate.com/sports/football/roster/caleb-hawkins/14352
oklahoma-state|carsonkolb,Oklahoma State,Carson Kolb,TE,SO,75,HIGH UPSIDE,EMERGING,early college career + individually modeled development runway,SUPPORTED,19,41,28,12,6,6,5,HIGH,UNCONFIRMED,,"Oregon State 2025 TE played 12 games but only six tackles on special teams and no verified offensive receiving, after 2024 four-game redshirt. Oklahoma State 2026 redshirt sophomore can grow offensive role, but is unproven college pass catcher; 2024 entry makes 2027 NFL technically possible.",https://okstate.com/sports/football/roster/carson-kolb/14405
oklahoma-state|chrisbarnes,Oklahoma State,Chris Barnes,WR,SO,81,RISING,ESTABLISHED,credible existing college level or modal steady outlook; no guaranteed step forward,SUPPORTED,11,36,39,14,5,5,6,HIGH,UNCONFIRMED,,"Wake Forest 2025 freshman receiver/returner 39 catches/547 yards/three TD, 13 rushes/143 yards, 98-yard kickoff TD, 953 all-purpose yards and third-team All-ACC special teams. Oklahoma State 2026 redshirt sophomore with real multi-phase upside and transfer uncertainty.",https://okstate.com/sports/football/roster/chris-barnes/14354
oklahoma-state|christianbodnar,Oklahoma State,Christian Bodnar,Secondary,JR,76,RISING,VOLATILE,injury / small-sample / role-transition context and high modeled spread,MODERATE,12,35,35,18,5,5,7,HIGH,UNCONFIRMED,INJURY_CONTEXT,"Liberty 2025 safety returned from 2024 serious hospitalization, won national Comeback Player award, 12 games/nine starts, 44 tackles/two sacks/two pass breakups. Oklahoma State redshirt junior 2026, Big12 translation and health durability must drive high volatility.",https://okstate.com/sports/football/roster/christian-bodnar/14356
oklahoma-state|drewmestemaker,Oklahoma State,Drew Mestemaker,QB,SO,92,RISING,ESTABLISHED,credible existing college level or modal steady outlook; no guaranteed step forward,SUPPORTED,7,28,49,16,4,4,5,MEDIUM,UNCONFIRMED,YOUNG_ALREADY_HIGH_GRADE|RISING_LABEL_OBSCURES_STEADY_MODE,"Oklahoma State 2026 redshirt sophomore transfer from North Texas. Won the 2025 Burlsworth Trophy and led the FBS in passing yards, total offense and yards per attempt; strong 2026 opening but turnover variation remains. Higher observed talent than generic sophomore prior; 2027 first draft eligibility inferred from 2024 entry, not a likely guaranteed exit.",https://okstate.com/sports/football/roster/drew-mestemaker/14374
oklahoma-state|evanjackson,Oklahoma State,Evan Jackson,Secondary,SR,82,RISING,ESTABLISHED,credible existing college level or modal steady outlook; no guaranteed step forward,SUPPORTED,7,29,52,12,4,4,5,LOW,UNCONFIRMED,RISING_LABEL_OBSCURES_STEADY_MODE|UNCERTAIN_2027_ELIGIBILITY,"North Texas 2025 safety 14 games/one start, 44 tackles/two INT/one sack/two PBU, after 2024 nine starts/55 tackles/three INT. Oklahoma State 2026 senior already demonstrated ball production, with P4 transition uncertainty.",https://okstate.com/sports/football/roster/evan-jackson/14350
oklahoma-state|imanoates,Oklahoma State,Iman Oates,Front Seven,SR,80,RISING,ESTABLISHED,credible existing college level or modal steady outlook; no guaranteed step forward,MODERATE,9,31,43,17,4,4,6,MEDIUM,0,UNCERTAIN_ROLE_OR_COMPETITION|RISING_LABEL_OBSCURES_STEADY_MODE,"Oklahoma State 2025 redshirt senior DT 12 games/seven starts, 14 tackles/two TFL and forced fumble; 2024 12 starts, 25 tackles/two sacks. Northeastern Oklahoma A&M JUCO career began earlier than 2023 transfer; mature line rotation, ordinary 2026 terminal eligibility assumed.",https://okstate.com/sports/football/roster/iman-oates/14414
oklahoma-state|isaiahchisom,Oklahoma State,Isaiah Chisom,Front Seven,JR,77,RISING,ESTABLISHED,credible existing college level or modal steady outlook; no guaranteed step forward,SUPPORTED,7,31,50,12,4,4,5,LOW,UNCONFIRMED,RISING_LABEL_OBSCURES_STEADY_MODE,"UCLA 2025 linebacker started ten of 12, 84 tackles/2.5 TFL/two forced fumbles and top-15 Big Ten tackle rate, 173 tackles/22 starts career from UCLA and Oregon State. Oklahoma State 2026 redshirt junior established P4 starter, so steady profile likely.",https://okstate.com/sports/football/roster/isaiah-chisom/14359
oklahoma-state|jaleeljohnson,Oklahoma State,Jaleel Johnson,Front Seven,SR,84,RISING,VOLATILE,injury / small-sample / role-transition context and high modeled spread,MODERATE,13,36,31,20,5,5,7,HIGH,0,INJURY_CONTEXT,"Oklahoma State 2025 edge three starts in first four games with 16 tackles/2.5 TFL/four pressures before injury, after 2024 21 tackles/two sacks. 2026 redshirt senior rebound has significant availability downside and normal terminal year.",https://okstate.com/sports/football/roster/jaleel-johnson/14295
oklahoma-state|jameswilliams,Oklahoma State,James Williams,Front Seven,SR,78,RISING,ASCENDING,sourced opportunity or demonstrated progression with sizeable improvement odds,SUPPORTED,12,36,36,16,5,5,6,MEDIUM,0,,"Florida State 2025 DL 11 games/six starts, 19 tackles/three TFL/1.5 sacks/five hurries; Nebraska 2024 reserve with 5.5 TFL/five sacks. Oklahoma State 2026 redshirt senior, P4 experience but recent irregular impact; ordinary final year.",https://okstate.com/sports/football/roster/james-williams/14384
oklahoma-state|justinbowick,Oklahoma State,Justin Bowick,WR,SR,88,RISING,ESTABLISHED,credible existing college level or modal steady outlook; no guaranteed step forward,MODERATE,7,27,48,18,4,4,7,MEDIUM,0,INJURY_CONTEXT|UNCERTAIN_ROLE_OR_COMPETITION|RISING_LABEL_OBSCURES_STEADY_MODE,"Illinois 2025 WR 12 games/22 catches/265 yards/five TD, Ball State 2024 20/383/3 in four injury-limited starts, Eastern Illinois 2022-23 48 catches/749 yards/eight TD. Oklahoma State 2026 redshirt senior has mature red-zone impact but past injury/role uncertainty and normal terminal eligibility.",https://okstate.com/sports/football/roster/justin-bowick/14357
oklahoma-state|ladainianfields,Oklahoma State,LaDainian Fields,Secondary,SO,84,RISING,ASCENDING,sourced opportunity or demonstrated progression with sizeable improvement odds,MODERATE,13,37,38,12,5,5,5,MEDIUM,UNCONFIRMED,,"Oklahoma State 2025 redshirt freshman CB all 12 games, last six starts, two INT including a 55-yard pick six, 16 tackles/two TFL. Enrolled 2024 and redshirted then, so 2027 draft legally possible but full-time secondary experience still limited.",https://okstate.com/sports/football/roster/ladainian-fields/14278
oklahoma-state|mohorn,Oklahoma State,Mo Horn,Secondary,SR,84,RISING,ESTABLISHED,credible existing college level or modal steady outlook; no guaranteed step forward,SUPPORTED,11,33,36,20,5,5,7,HIGH,UNCONFIRMED,UNCERTAIN_2027_ELIGIBILITY,Texas Tech 2025 corner seven games/one start/four tackles/three PBU versus 2024 all-13-start 56 tackles/three TFL. Oklahoma State 2026 redshirt senior transfer offers Big12 starter rebound but recent reduction creates downside.,https://okstate.com/sports/football/roster/mo-horn/14365
oklahoma-state|quintonhammonds,Oklahoma State,Quinton Hammonds,Secondary,JR,80,RISING,ESTABLISHED,credible existing college level or modal steady outlook; no guaranteed step forward,SUPPORTED,11,35,42,12,5,5,5,MEDIUM,UNCONFIRMED,,"North Texas 2025 sophomore safety 12 games/ten starts, 53 tackles/five TFL/two INT/sack/forced fumble, national defensive weekly honor for two-pick Navy game. Oklahoma State junior 2026 faces P4-level transition with established G5 production.",https://okstate.com/sports/football/roster/quinton-hammonds/14339
oklahoma-state|saadiqclements,Oklahoma State,Saadiq Clements,Front Seven,JR,82,RISING,ASCENDING,sourced opportunity or demonstrated progression with sizeable improvement odds,MODERATE,12,34,40,14,5,5,6,MEDIUM,UNCONFIRMED,,"North Texas 2025 DL 13 games/eight starts, 30 tackles/5.5 TFL/1.5 sacks/forced fumble; Louisville 2023 redshirt and 2024 two reserve games. Oklahoma State 2026 redshirt junior has potential with Big12 transfer context.",https://okstate.com/sports/football/roster/saadiq-clements/14360
oklahoma-state|tateromney,Oklahoma State,Tate Romney,Front Seven,SR,76,RISING,VOLATILE,injury / small-sample / role-transition context and high modeled spread,MODERATE,10,29,38,23,4,4,7,HIGH,UNCONFIRMED,INJURY_CONTEXT|UNCERTAIN_2027_ELIGIBILITY,"Arizona State 2025 LB ten games without starts/13 tackles/PBU/fumble recovery, 2024 broken-arm absence, earlier BYU career. Oklahoma State 2026 redshirt senior and oldest roster player, injury rebound high uncertainty; remaining eligibility unresolved without specific ruling.",https://okstate.com/sports/football/roster/tate-romney/14380
oklahoma-state|terrencelewis,Oklahoma State,Terrence Lewis,WR,SO,77,HIGH UPSIDE,EMERGING,early college career + individually modeled development runway,LIMITED,20,39,30,11,6,6,5,HIGH,UNCONFIRMED,UNCERTAIN_ROLE_OR_COMPETITION|THIN_SAMPLE,"North Texas 2025 freshman WR 12 games, 11 catches/184 yards/three TD, entered Oklahoma State as 2026 sophomore. Small sample yet field-stretching flashes, first 2025 college entry bars 2027 NFL draft.",https://okstate.com/sports/football/roster/terrence-lewis/14343
oklahoma-state|trepageiii,Oklahoma State,Tre Page III,RB,SO,75,RISING,VOLATILE,injury / small-sample / role-transition context and high modeled spread,MODERATE,15,37,34,14,5,5,6,HIGH,UNCONFIRMED,UNCERTAIN_ROLE_OR_COMPETITION,"Tarleton State 2025 FCS back nine games/112 carries for 839 yards/seven TD, after 2024 two-game redshirt. Oklahoma State 2026 redshirt sophomore with FCS-to-P4 transition risk and 2027 NFL eligibility possible due 2024 first enrollment.",https://okstate.com/sports/football/roster/tre-page-iii/14375
oklahoma-state|wyattyoung,Oklahoma State,Wyatt Young,WR,JR,94,RISING,ESTABLISHED,credible existing college level or modal steady outlook; no guaranteed step forward,SUPPORTED,8,32,48,12,4,4,5,MEDIUM,UNCONFIRMED,RISING_LABEL_OBSCURES_STEADY_MODE|CHECK_HIGH_GRADE_UPSIDE,"North Texas 2025 all-conference and PFSN All-America receiver caught 70 passes for 1,264 yards/ten TD; second-most UNT season yards ever. Oklahoma State 2026 junior transfer has proven productivity and Power4 opposition/target-share uncertainty.",https://okstate.com/sports/football/roster/wyatt-young/14351
ole-miss|antoniokite,Ole Miss,Antonio Kite,Secondary,5TH,84,RISING,ESTABLISHED,credible existing college level or modal steady outlook; no guaranteed step forward,SUPPORTED,7,28,50,15,4,4,5,LOW,0,RISING_LABEL_OBSCURES_STEADY_MODE,"Ole Miss 2025 defensive back started 12 games, recorded 34 tackles and five pass breakups after 2024 Auburn eight-game rotation (six tackles/one interception). Two Alabama reserve years preceded transfer. Official 2026 fifth-year CB; proven P4 starter but limited big-play splash and mature plateau favor steady outcomes and modeled final season.",https://olemisssports.com/sports/football/roster/antonio-kite/6483
ole-miss|calebodom,Ole Miss,Caleb Odom,TE,JR,83,RISING,ASCENDING,sourced opportunity or demonstrated progression with sizeable improvement odds,SUPPORTED,12,37,39,12,5,5,5,MEDIUM,UNCONFIRMED,,"Ole Miss 2025 sophomore tight end caught 19 balls for 197 yards and two TD in 15 games, including six catches/64 yards against The Citadel; Alabama freshman 2024 seven receptions/65 yards in 12 appearances. 2026 junior has role and receiving growth potential but modest P4 production relative to elite TE reputation.",https://olemisssports.com/sports/football/roster/caleb-odom/6492
ole-miss|deucealexander,Ole Miss,Deuce Alexander,WR,SR,93,RISING,ESTABLISHED,credible existing college level or modal steady outlook; no guaranteed step forward,SUPPORTED,8,31,49,12,4,4,5,MEDIUM,UNCONFIRMED,RISING_LABEL_OBSCURES_STEADY_MODE|UNCERTAIN_2027_ELIGIBILITY,"Ole Miss 2025 wide receiver appeared all 15 games with 44 catches, 684 yards/two TD and 122 rushing yards on 19 carries; Wake Forest 2024 36/400/two. 2026 official senior and Senior Bowl Top 300. Established P4 slot/return versatility, more moderate improvement than unproven giant breakout.",https://olemisssports.com/sports/football/roster/deuce-alexander/6437
ole-miss|edwinjoseph,Ole Miss,Edwin Joseph,Secondary,SR,76,RISING,ESTABLISHED,credible existing college level or modal steady outlook; no guaranteed step forward,SUPPORTED,7,27,52,14,4,4,5,LOW,UNCONFIRMED,RISING_LABEL_OBSCURES_STEADY_MODE|UNCERTAIN_2027_ELIGIBILITY,"Florida State 2025 starting safety played 12 games/ten starts, 37 tackles, 3.5 TFL, three interceptions/five pass breakups and a forced fumble. 2024 produced 13 tackles and one pick; Ole Miss 2026 official senior transfer, proven coverage playmaking but new scheme adaptation.",https://olemisssports.com/sports/football/roster/edwin-joseph/6589
ole-miss|horatiofields,Ole Miss,Horatio Fields,WR,5TH,84,RISING,VOLATILE,injury / small-sample / role-transition context and high modeled spread,MODERATE,13,32,34,21,5,5,7,HIGH,0,INJURY_CONTEXT|UNCERTAIN_ROLE_OR_COMPETITION,"Auburn 2025 WR limited by season-ending injury after four games/one start and 12 catches/106 yards/TD. Wake Forest 2024 had 39 receptions/463 yards/four TD across 12 games. Official Ole Miss 2026 Fifth Year+ after multi-year Wake Forest and Auburn career: meaningful healthy rebound path but significant durability risk; model terminal year, not guaranteed compliance status.",https://olemisssports.com/sports/football/roster/horatio-fields/6584
ole-miss|jamariousbrown,Ole Miss,Jamarious Brown,Front Seven,SR,89,RISING,ESTABLISHED,credible existing college level or modal steady outlook; no guaranteed step forward,SUPPORTED,8,30,48,14,4,4,5,MEDIUM,UNCONFIRMED,RISING_LABEL_OBSCURES_STEADY_MODE|UNCERTAIN_2027_ELIGIBILITY,"Ole Miss 2025 DT played all 15 games as a key rotational lineman, 24 tackles, 1.5 TFL, one sack and three QB hurries; 2024 FWAA Freshman All-American honor. Official senior 2026 with credible defensive rotation and opportunity for more starts, but low recent disruption means no automatic elite leap.",https://olemisssports.com/sports/football/roster/jamarious-brown/6451
ole-miss|jaylonbraxton,Ole Miss,Jaylon Braxton,Secondary,SR,84,RISING,ESTABLISHED,credible existing college level or modal steady outlook; no guaranteed step forward,SUPPORTED,8,30,48,14,4,4,5,MEDIUM,UNCONFIRMED,RISING_LABEL_OBSCURES_STEADY_MODE|UNCERTAIN_2027_ELIGIBILITY,"Ole Miss 2025 CB/safety appeared 11 games/eight starts, 24 tackles, 1.5 TFL, one interception and three pass breakups after earlier Arkansas defensive experience. 2026 official senior; positional versatility with proven P4 snaps, moderate scheme/health variance, steady most plausible.",https://olemisssports.com/sports/football/roster/jaylon-braxton/6449
ole-miss|joenelaguero,Ole Miss,Joenel Aguero,Secondary,SR,80,RISING,ESTABLISHED,credible existing college level or modal steady outlook; no guaranteed step forward,SUPPORTED,7,27,54,12,3,3,5,LOW,UNCONFIRMED,RISING_LABEL_OBSCURES_STEADY_MODE|UNCERTAIN_2027_ELIGIBILITY,"Georgia 2025 safety started all 12 games with 39 tackles, 0.5 TFL and one pick; 2024 eleven games/five starts and 26 tackles. Ole Miss 2026 senior transfer from Georgia brings meaningful proven SEC safety workload, greater steady likelihood than speculative extreme development.",https://olemisssports.com/sports/football/roster/joenel-aguero/6557
ole-miss|johntaycookii,Ole Miss,Johntay Cook II,WR,SR,82,RISING,ESTABLISHED,credible existing college level or modal steady outlook; no guaranteed step forward,MODERATE,10,34,41,15,4,4,6,MEDIUM,UNCONFIRMED,UNCERTAIN_ROLE_OR_COMPETITION|UNCERTAIN_2027_ELIGIBILITY,"Syracuse 2025 receiver led team with 45 catches, 549 yards and two touchdowns in 12 games/nine starts, after Texas 2023-24 combined 16 catches/273 yards. 2026 Ole Miss senior transfer offers SEC step-up and sustained target chance but inconsistent past major-college usage; not simply elite from HS recruitment.",https://olemisssports.com/sports/football/roster/johntay-cook-ii/6567
ole-miss|kamfranklin,Ole Miss,Kam Franklin,Front Seven,JR,84,RISING,ESTABLISHED,credible existing college level or modal steady outlook; no guaranteed step forward,SUPPORTED,7,29,52,12,3,3,5,LOW,UNCONFIRMED,RISING_LABEL_OBSCURES_STEADY_MODE,"Ole Miss 2025 DT/DE started all 15 games and ranked among team leaders with 69 tackles, now 2026 preseason All-SEC third-team as junior. Demonstrated starter with sustained interior value; NFL exit odds meaningful, breakout capped relative to already proven SEC level.",https://olemisssports.com/sports/football/roster/kam-franklin/6469
ole-miss|keatonthomas,Ole Miss,Keaton Thomas,Front Seven,5TH,88,RISING,ESTABLISHED,credible existing college level or modal steady outlook; no guaranteed step forward,LIMITED,5,22,58,15,3,3,5,LOW,0,THIN_SAMPLE|RISING_LABEL_OBSCURES_STEADY_MODE,"Baylor 2025 all-12-game starting LB made 103 tackles, seven TFL, an interception and fumble-return TD, after 114 tackles and first-team All-Big12 in 2024; 219 tackles in 25 Baylor starts. Ole Miss 2026 officially fifth year, mature productive linebacker with limited giant growth headroom and ordinary terminal game year.",https://olemisssports.com/sports/football/roster/keaton-thomas/6570
ole-miss|kewanlacy,Ole Miss,Kewan Lacy,RB,JR,91,STEADY,ESTABLISHED,credible existing college level or modal steady outlook; no guaranteed step forward,MODERATE,4,16,58,22,3,3,6,MEDIUM,UNCONFIRMED,INJURY_CONTEXT,"Ole Miss junior RB, 2025 Doak Walker finalist and All-American with 1,567 rushing yards and 24 TD. Injury-shortened start to 2026: 191 yards and four TD in three games before shoulder issue; track toward returning. Established ceiling and recovery uncertainty make major breakout unlikely and modest physical downside relevant.",https://olemisssports.com/sports/football/roster/kewan-lacy/6486 | https://www.reuters.com/sports/ole-miss-rb-kewan-lacy-expected-return-vs-vanderbilt--flm-2026-10-05/
ole-miss|lukeferrelli,Ole Miss,Luke Ferrelli,Front Seven,JR,82,RISING,ESTABLISHED,credible existing college level or modal steady outlook; no guaranteed step forward,SUPPORTED,8,33,47,12,4,4,5,MEDIUM,UNCONFIRMED,RISING_LABEL_OBSCURES_STEADY_MODE,"Cal 2025 redshirt freshman LB started all 13 games, 91 tackles, five TFL, one sack/one interception and ACC Defensive Rookie of Year; no playing time in 2024. Ole Miss official 2026 junior transfer, established major-conference tackle production with moderate second-system uncertainty and high plausible 2027 NFL interest.",https://olemisssports.com/sports/football/roster/luke-ferrelli/6583
ole-miss|lukehasz,Ole Miss,Luke Hasz,TE,SR,86,RISING,ASCENDING,sourced opportunity or demonstrated progression with sizeable improvement odds,SUPPORTED,13,35,32,20,5,5,7,HIGH,UNCONFIRMED,UNCERTAIN_2027_ELIGIBILITY,"Ole Miss 2025 tight end received only three passes for 28 yards and one TD across 12 appearances after Arkansas 2023-24 totaled 42 receptions, 577 yards and seven TD in 17 games. Early Arkansas 2023 broken collarbone adds health context. 2026 senior rebound possible, but recent SEC usage substantially lower than previous peak.",https://olemisssports.com/sports/football/roster/luke-hasz/6475
ole-miss|makhifrazier,Ole Miss,Makhi Frazier,RB,JR,81,RISING,ASCENDING,sourced opportunity or demonstrated progression with sizeable improvement odds,SUPPORTED,12,38,36,14,5,5,5,MEDIUM,UNCONFIRMED,,"Michigan State 2025 RB led Spartans with 520 yards and two rushing TD on 116 carries, adding 12 receptions/25 yards; only 21 yards on seven carries in 2024. Ole Miss 2026 junior transfer brings Big Ten workload base with SEC opportunity/competition but not proven 1,000-yard P4 superstar.",https://olemisssports.com/sports/football/roster/makhi-frazier/6585
ole-miss|sharifdenson,Ole Miss,Sharif Denson,Secondary,SR,82,RISING,ESTABLISHED,credible existing college level or modal steady outlook; no guaranteed step forward,SUPPORTED,8,29,49,14,4,4,5,LOW,UNCONFIRMED,RISING_LABEL_OBSCURES_STEADY_MODE|UNCERTAIN_2027_ELIGIBILITY,"Florida 2025 DB started 11 of 12 games, recording 53 tackles/two TFL/one breakup, following 2024 37 tackles/five TFL/two sacks/one INT over six starts. Ole Miss 2026 senior transfer with 36 games and 17 Florida starts. Established P4 defender, likely steady with role variance.",https://olemisssports.com/sports/football/roster/sharif-denson/6574
ole-miss|suntarineperkins,Ole Miss,Suntarine Perkins,Front Seven,SR,90,STEADY,ESTABLISHED,credible existing college level or modal steady outlook; no guaranteed step forward,SUPPORTED,4,21,61,14,2,2,5,LOW,UNCONFIRMED,UNCERTAIN_2027_ELIGIBILITY,"Ole Miss 2025 all-15-start senior predecessor linebacker had 81 tackles, 12.5 TFL, 4.5 sacks, three forced fumbles and 12 QB hurries; 2024 all-SEC and 2026 preseason All-America. Proven upper-tier SEC edge/LB, little modeled upside to enormous improvement and strong projected NFL declaration risk.",https://olemisssports.com/sports/football/roster/suntarine-perkins/6496
ole-miss|traylonray,Ole Miss,Traylon Ray,WR,SR,80,RISING,ASCENDING,sourced opportunity or demonstrated progression with sizeable improvement odds,SUPPORTED,13,34,31,22,5,5,7,HIGH,UNCONFIRMED,UNCERTAIN_2027_ELIGIBILITY,Ole Miss 2025 WR appeared only three games as reserve with zero recorded receptions and two special-teams tackles; West Virginia 2024 had 28 catches/426 yards/four TD and 2023 18 catches/321 yards. 2026 official senior could rebound with greater usage but huge 2025 role collapse demands higher downside and uncertain NFL exit.,https://olemisssports.com/sports/football/roster/traylon-ray/6498
ole-miss|trinidadchambliss,Ole Miss,Trinidad Chambliss,QB,SR,98,DECLINE RISK,PLATEAUING,documented established output + high steady probability / little further grade headroom,SUPPORTED,2,11,68,19,1,1,4,LOW,0,,"2025 SEC newcomer, 3,937 passing yards, 22 TD and 3 INT; continued elite 2026 start. Only playing in 2026 after a court injunction overcoming NCAA sixth-season denial, not an ordinary remaining eligibility year. Model no 2027 return absent another documented exceptional ruling; eligibility determination remains legally contingent.",https://olemisssports.com/sports/football/roster/chambliss-trinidad/6554 | https://www.espn.com/college-football/story/_/id/48324773/trinidad-chambliss-quest-play-2026-clears-legal-hurdle
ole-miss|willecholes,Ole Miss,Will Echoles,Front Seven,JR,92,STEADY,PLATEAUING,documented established output + high steady probability / little further grade headroom,SUPPORTED,3,18,64,15,2,2,5,LOW,UNCONFIRMED,,"Ole Miss 2025 defensive tackle started all 15 games, 68 tackles, 11.5 TFL/five sacks and tied linemen leader in PBUs; Associated Press first-team All-SEC and Phil Steele fourth-team All-American, plus 39 PFF pressures and 35 stops, Sugar Bowl defensive MVP. 2026 junior already demonstrated elite SEC interior ability, so near-ceiling steady outcome and very high projected NFL exit.",https://olemisssports.com/sports/football/roster/will-echoles/6465
oregon|aaronflowers,Oregon,Aaron Flowers,Secondary,JR,84,RISING,ESTABLISHED,credible existing college level or modal steady outlook; no guaranteed step forward,SUPPORTED,8,29,49,14,4,4,5,MEDIUM,UNCONFIRMED,RISING_LABEL_OBSCURES_STEADY_MODE,"Oregon junior safety redshirted in 2024, then started all 15 games in 2025 with 70 tackles, one interception, three breakups and two forced fumbles over 741 defensive snaps, earning All-Big Ten honorable mention. Demonstrated full-season durability reduces breakout volatility; improvement in coverage is plausible. The 2026 roster identifies him as a junior; no exact 2026 season stat claim made.",https://goducks.com/sports/football/roster/aaron-flowers/18299
oregon|amauriwashington,Oregon,Amauri Washington,Front Seven,SR,90,STEADY,ESTABLISHED,credible existing college level or modal steady outlook; no guaranteed step forward,SUPPORTED,3,19,59,19,2,2,5,LOW,UNCONFIRMED,UNCERTAIN_2027_ELIGIBILITY,"Oregon senior defensive tackle started all 15 games in 2025, earning All-Big Ten third team: 33 tackles, 4.5 TFL, 1.5 sacks, eight pass breakups and 22 QB pressures, with an 83.8 PFF run-defense grade in school bio. Established high-level interior disruption and run defense imply a high steady rate rather than speculative major development; 2026 preseason major-award watch lists reinforce established status. Senior class does not itself prove 2027 eligibility exhaustion.",https://goducks.com/sports/football/roster/a-mauri-washington/18341
oregon|bearalexander,Oregon,Bear Alexander,Front Seven,5TH,85,STEADY,ESTABLISHED,credible existing college level or modal steady outlook; no guaranteed step forward,SUPPORTED,6,20,48,26,3,3,6,MEDIUM,0,,"Official Oregon 2026 fifth-year interior DL transferred via Georgia/USC, 2025 second-team All-Big Ten with 50 tackles, 6.5 TFL, one sack and 18 pressures. Dependable run role but relatively limited disruptive pass rush yields moderate physical regression risk; normal 2022-2026 five-year clock exhausted after this season.",https://goducks.com/sports/football/roster/Bear-Alexander/18286
oregon|brandonfinneyjr,Oregon,Brandon Finney Jr.,Secondary,SO,90,RISING,ESTABLISHED,credible existing college level or modal steady outlook; no guaranteed step forward,MODERATE,5,24,56,15,3,3,5,MEDIUM,UNCONFIRMED,YOUNG_ALREADY_HIGH_GRADE|RISING_LABEL_OBSCURES_STEADY_MODE,"Oregon sophomore corner started all 15 games as a true freshman in 2025, earned FWAA Freshman All-America, coaches' second-team All-Big Ten and Orange Bowl defensive MVP. Produced 42 tackles, three interceptions, eight pass breakups, two forced fumbles and a sack. Already strong proven coverage and playmaking reduce enormous breakout odds, while sophomore consistency improvement remains viable. Enrolled in 2025 so not NFL Draft eligible in 2027.",https://goducks.com/sports/football/roster/brandon-finney-jr/18298
oregon|carlwilliamsiv,Oregon,Carl Williams IV,Secondary,SR,76,RISING,VOLATILE,injury / small-sample / role-transition context and high modeled spread,MODERATE,15,30,31,24,5,5,7,HIGH,UNCONFIRMED,INJURY_CONTEXT|UNCERTAIN_ROLE_OR_COMPETITION|UNCERTAIN_2027_ELIGIBILITY,"Oregon senior DB transferred from Baylor for 2026 after a 2025 medical redshirt limited him to one game while recovering from a 2024 injury. In 2024 started seven of eight appearances and recorded 35 tackles, five TFL, a sack, a forced fumble and a pass breakup. Proven previous conference starting competence creates rebound upside, but prolonged injuries and new program fit warrant substantial decline and availability risk. No invented 2026 production.",https://goducks.com/sports/football/roster/carl-williams-iv/18357
oregon|dakorienmoore,Oregon,Dakorien Moore,WR,SO,88,RISING,ASCENDING,sourced opportunity or demonstrated progression with sizeable improvement odds,MODERATE,15,39,35,11,6,6,5,HIGH,UNCONFIRMED,INJURY_CONTEXT,"2025 true freshman Oregon receiver: seven starts, 34 catches, 497 yards and three TDs despite injury; sophomore runway and opportunity support greater development volatility.",https://goducks.com/sports/football/roster/dakorien-moore/18319
oregon|dantemoore,Oregon,Dante Moore,QB,SR,94,RISING,ESTABLISHED,credible existing college level or modal steady outlook; no guaranteed step forward,MODERATE,9,27,49,15,4,4,5,MEDIUM,1,RISING_LABEL_OBSCURES_STEADY_MODE|CHECK_HIGH_GRADE_UPSIDE,"Oregon starter returned from a 2026-draft opportunity after strong 2025. Prior demonstrated production supports high, not certain 2027 declaration.",https://goducks.com/sports/football/roster/dante-moore/18320 | https://goducks.com/news/2026/1/14/football-moore-among-several-key-contributors-returning-in-2026
oregon|dierrehilljr,Oregon,Dierre Hill Jr.,RB,SO,85,RISING,ESTABLISHED,credible existing college level or modal steady outlook; no guaranteed step forward,MODERATE,11,36,42,11,5,5,5,MEDIUM,UNCONFIRMED,,"Oregon true sophomore RB in 2025 appeared in all 15 games, with one start, 75 rushes for 656 yards (8.75 yards per carry) and five touchdowns, plus 16 receptions for 137 yards and one TD. Oregon lists PFF 90.8 overall and 91.4 rushing grades and explosive gains, but one-start workload makes repeat efficiency uncertain. 2025 college entry bars 2027 draft and supports higher-volume 2027 development.",https://goducks.com/sports/football/roster/dierre-hill-jr-/18305
oregon|elijahrushing,Oregon,Elijah Rushing,Front Seven,JR,82,HIGH UPSIDE,ASCENDING,sourced opportunity or demonstrated progression with sizeable improvement odds,MODERATE,20,38,25,17,7,7,6,HIGH,UNCONFIRMED,,"Oregon junior edge defender played four games in 2024 using a redshirt and seven games in 2025 with just three total tackles; 2025 bio indicates no sustained starting production despite a strong high-school prospect résumé. Physical upside can yield a meaningful year-two breakout if playing time increases, but current collegiate evidence is thin and draft-declaration odds should be very low rather than fame-based. 2024 matriculation permits 2027 declaration under normal rule.",https://goducks.com/sports/football/roster/elijah-rushing/18332
oregon|evanstewart,Oregon,Evan Stewart,WR,5TH,86,RISING,VOLATILE,injury / small-sample / role-transition context and high modeled spread,MODERATE,12,30,34,24,5,5,7,HIGH,0,INJURY_CONTEXT,"Oregon official 2026 fifth-year receiver who missed 2025 through injury and utilized medical redshirt. 2024 All-Big Ten honorable mention with 48 catches/613 yards/5 TD. Meaningful bounce-back upside exists after injury but no 2025 game sample, so higher downside volatility than a fully healthy veteran; normal five-year period concludes 2026.",https://goducks.com/sports/football/roster/evan-stewart/18335
oregon|ifyobidegwu,Oregon,Ify Obidegwu,Secondary,JR,89,RISING,ESTABLISHED,credible existing college level or modal steady outlook; no guaranteed step forward,MODERATE,10,34,44,12,5,5,5,MEDIUM,UNCONFIRMED,RISING_LABEL_OBSCURES_STEADY_MODE,"Oregon junior corner appeared in all 15 games and made 12 starts as a redshirt freshman in 2025, recording 24 tackles, six pass breakups, one interception and 423 defensive snaps. This is meaningful coverage responsibility even with modest tackle totals; a modest Year 2 leap is more plausible than a giant breakout or a class-based automatic decline. Redshirt freshman 2025 after 2024 matriculation yields draft eligibility in 2027.",https://goducks.com/sports/football/roster/ify-obidegwu/18323
oregon|jamarijohnson,Oregon,Jamari Johnson,TE,SR,94,RISING,ESTABLISHED,credible existing college level or modal steady outlook; no guaranteed step forward,MODERATE,7,27,51,15,4,4,5,MEDIUM,UNCONFIRMED,INJURY_CONTEXT|RISING_LABEL_OBSCURES_STEADY_MODE|UNCERTAIN_2027_ELIGIBILITY,"Oregon senior TE and Louisville transfer made 10 starts in 15 games in 2025, catching 32 passes for 510 yards and three TD, sixth in school TE single-season yardage. Previous Louisville redshirt-sophomore 2024 produced 13 catches for 158 yards and a TD before injury. Proven receiving growth, 600 snaps and 78.2 PFF overall grade in 2025 substantiate value, but senior size/role limits repeat breakout likelihood; exact remaining college eligibility unverified.",https://goducks.com/sports/football/roster/jamari-johnson/18309
oregon|jeremiahmcclellan,Oregon,Jeremiah McClellan,WR,JR,82,RISING,ASCENDING,sourced opportunity or demonstrated progression with sizeable improvement odds,SUPPORTED,12,34,42,12,5,5,5,MEDIUM,UNCONFIRMED,,"Oregon junior receiver emerged as a 2025 redshirt freshman with 38 receptions for 557 yards and three TD across 15 games and nine starts; started final eight games and played 520 offensive snaps, 71.8 PFF overall in school bio. Can expand targets and role in 2026–27 yet 2025 evidence proves him more than an unused reserve. 2024 initial enrollment permits 2027 draft but modest established production means declaration far from certain.",https://goducks.com/sports/football/roster/jeremiah-mcclellan/18313
oregon|jordondavison,Oregon,Jordon Davison,RB,SO,88,RISING,ASCENDING,sourced opportunity or demonstrated progression with sizeable improvement odds,MODERATE,13,40,37,10,6,6,4,HIGH,UNCONFIRMED,UNCERTAIN_ROLE_OR_COMPETITION,"Oregon 2026 true sophomore RB was 2025 All-Big Ten honorable mention after 14 games, one start and 113 carries for 667 yards with team-leading 15 rushing TD. Red-zone skill is demonstrated, but limited 2025 starting volume and 2026 expanding role support meaningful development and some college variance. First matriculated in 2025, so not 2027 NFL eligible.",https://goducks.com/sports/football/roster/jordon-davison/18296
oregon|koiperich,Oregon,Koi Perich,Secondary,JR,81,RISING,ESTABLISHED,credible existing college level or modal steady outlook; no guaranteed step forward,SUPPORTED,10,30,43,17,6,6,6,MEDIUM,UNCONFIRMED,RISING_LABEL_OBSCURES_STEADY_MODE,"Oregon 2026 junior transfer from Minnesota, 2025 second-team All-Big Ten with 82 tackles, one INT returned for TD and return/occasional offensive value. Prior 2024 playmaking was unusually dynamic, but softer 2025 coverage and merely solid early-2026 profile create a genuine rebound case rather than a fixed high grade.",https://goducks.com/sports/football/roster/koi-perich/18350
oregon|matayouiagalelei,Oregon,Matayo Uiagalelei,Front Seven,SR,95,STEADY,PLATEAUING,documented established output + high steady probability / little further grade headroom,SUPPORTED,3,14,63,20,2,2,5,LOW,UNCONFIRMED,UNCERTAIN_2027_ELIGIBILITY,"Oregon 2026 senior edge, 2025 Lombardi semifinalist with 52 pressures (top Big Ten rush output), 9.5 TFL, six sacks and solid run contribution in 15 starts. Proven role and mature development warrant high steady odds, low breakout, and very likely 2027 draft exit. Further 2027 school eligibility not confirmed.",https://goducks.com/sports/football/roster/Matayo-Uiagalelei/18339
oregon|messiahhampton,Oregon,Messiah Hampton,WR,FR,81,HIGH UPSIDE,EMERGING,early college career + individually modeled development runway,LIMITED,22,40,25,13,8,8,5,HIGH,UNCONFIRMED,THIN_SAMPLE,"Oregon 2026 true freshman WR; official roster biography presently shows only high-school accomplishments and no collegiate statistics for the player. His high-school production and multi-role experience identify athletic opportunity, not demonstrated high-level college WR play; set a high-uncertainty young-player development trajectory with greater downside risk and keep NFL ineligible until the normal 2029 first entry window.",https://goducks.com/sports/football/roster/messiah-hampton/18356
oregon|teitumtuioti,Oregon,Teitum Tuioti,Front Seven,SR,91,STEADY,ESTABLISHED,credible existing college level or modal steady outlook; no guaranteed step forward,SUPPORTED,4,19,58,19,3,3,5,LOW,UNCONFIRMED,UNCERTAIN_2027_ELIGIBILITY,"Oregon senior OLB had major 2025 breakthrough: 68 tackles, 16 TFL, 9.5 sacks, 38 pressures, 83.8 PFF grade across 15 starts. With elite measured current 2026 starter responsibilities, a repeat is more plausible than a much larger second breakout; high 2027 NFL departure probability.",https://goducks.com/sports/football/roster/teitum-tuioti/18338
pittsburgh|alexsanfordjr,Pittsburgh,Alex Sanford Jr.,Front Seven,SR,77,RISING,ESTABLISHED,credible existing college level or modal steady outlook; no guaranteed step forward,MODERATE,9,31,45,15,4,4,5,MEDIUM,UNCONFIRMED,INJURY_CONTEXT|RISING_LABEL_OBSCURES_STEADY_MODE|UNCERTAIN_2027_ELIGIBILITY,"Purdue 2025 LB played all 12 games, starting nine, 46 tackles/3.5 TFL and one fumble recovery; Arkansas 2023-24 chiefly special teams in 23 of 24 games. Pitt 2026 official senior transfer, established P4 role but not yet dominant all-conference performance.",https://pittsburghpanthers.com/sports/football/roster/alex-sanford-jr-/15187
pittsburgh|carsonkent,Pittsburgh,Carson Kent,TE,5TH,83,RISING,ESTABLISHED,credible existing college level or modal steady outlook; no guaranteed step forward,SUPPORTED,11,32,43,14,5,5,5,MEDIUM,0,RISING_LABEL_OBSCURES_STEADY_MODE,"Oklahoma 2025 TE played 13 games but had only three catches for 26 yards; Kennesaw State 2022-24 made 15 starts across 21 appearances with 32 receptions/382 yards/three TD. Official 2026 Pitt fifth year; transfer/rebound opportunity, but modern P4 receiving usage quite limited. Model ordinary final season.",https://pittsburghpanthers.com/sports/football/roster/carson-kent/15178
pittsburgh|cataurushicks,Pittsburgh,Cataurus Hicks,WR,SR,86,RISING,ASCENDING,sourced opportunity or demonstrated progression with sizeable improvement odds,MODERATE,12,33,40,15,5,5,5,MEDIUM,UNCONFIRMED,UNCERTAIN_ROLE_OR_COMPETITION|UNCERTAIN_2027_ELIGIBILITY,"Pitt 2025 transfer WR broke through with 24 receptions for 422 yards and four TD, including 84-yard score against NC State, after 13 catches for 160 yards across Louisville 2023-24. 2026 senior has explosive usage but limited sustained high-volume starter history, so moderate upside and risk.",https://pittsburghpanthers.com/sports/football/roster/cataurus-blue-hicks/15003
pittsburgh|censerelee,Pittsburgh,Censere Lee,WR,5TH,82,RISING,VOLATILE,injury / small-sample / role-transition context and high modeled spread,MODERATE,12,29,33,26,5,5,7,HIGH,0,INJURY_CONTEXT|UNCERTAIN_ROLE_OR_COMPETITION,"Pitt 2025 WR injury-restricted to four games and five catches/86 yards, after 2024 19/254/three TD in ten games before another injury. Western Carolina 2022-23 had 82 catches/1,426 yards and 14 TD in 22 games/14 starts. Official 2026 fifth year, high rebound possible but recurring durability and FCS-to-P4 volume risks. Model terminal season.",https://pittsburghpanthers.com/sports/football/roster/censere-lee/15012
pittsburgh|crucebrookins,Pittsburgh,Cruce Brookins,Secondary,SR,85,RISING,ESTABLISHED,credible existing college level or modal steady outlook; no guaranteed step forward,SUPPORTED,7,29,52,12,3,3,5,LOW,UNCONFIRMED,RISING_LABEL_OBSCURES_STEADY_MODE|UNCERTAIN_2027_ELIGIBILITY,"Pitt 2025 starting safety eight of ten games earned honorable mention All-ACC, 53 tackles/two interceptions/two PBU, following 2024 35 tackles/two INT. Official 2026 senior has proven ACC ball production, steady most likely with modest further growth.",https://pittsburghpanthers.com/sports/football/roster/cruce-brookins/15130
pittsburgh|damonfergusonjr,Pittsburgh,Damon Ferguson Jr.,RB,FR,83,HIGH UPSIDE,EMERGING,early college career + individually modeled development runway,LIMITED,20,42,28,10,7,7,4,HIGH,UNCONFIRMED,THIN_SAMPLE,"Pitt 2026 true freshman running back first enrolled June 2026; college 2026 game highs include 102 rushing yards at Syracuse and two early 2026 scoring-game impact flashes. High school career 2,951 rushing yards/36 TD is preparatory evidence, not a 2025 FBS season. High developmental potential and variance; first 2026 college entry prevents 2027 draft.",https://pittsburghpanthers.com/sports/football/roster/damon-ferguson-jr-/15291
pittsburgh|demetricemccray,Pittsburgh,Demetrice McCray,WR,FR,84,HIGH UPSIDE,EMERGING,early college career + individually modeled development runway,SUPPORTED,25,43,24,8,8,8,4,HIGH,UNCONFIRMED,,"Pitt 2026 true freshman WR enrolled January 2026 after First Academy, 2025 prep senior 29 catches/445 yards and nine total TD. No documented collegiate 2025 production. Recruited potential is not demonstrated FBS usage; uncertain freshman growth and no 2027 NFL Draft eligibility.",https://pittsburghpanthers.com/sports/football/roster/demetrice-mccray/15168
pittsburgh|holdengeriner,Pittsburgh,Holden Geriner,QB,5TH,79,RISING,ASCENDING,sourced opportunity or demonstrated progression with sizeable improvement odds,SUPPORTED,12,34,32,22,5,5,6,HIGH,0,,"Pitt 2026 FIFTH-YEAR QB newly transferred from Texas State, after just three 2025 games and only eight prior Auburn games across 2022–24, completing nine passes for 116 yards at Auburn. Strong prep highlights are NOT comparable to a proven high-volume college starting season; a 2026 spot start could bring upside but uncertainty is very high, and normal five-year period expires after 2026 unless waiver.",https://pittsburghpanthers.com/sports/football/roster/holden-geriner/15190
pittsburgh|isaiahneal,Pittsburgh,Isaiah Neal,Front Seven,SR,85,RISING,ESTABLISHED,credible existing college level or modal steady outlook; no guaranteed step forward,MODERATE,10,30,45,15,4,4,6,MEDIUM,UNCONFIRMED,INJURY_CONTEXT|RISING_LABEL_OBSCURES_STEADY_MODE|UNCERTAIN_2027_ELIGIBILITY,"Pitt 2025 DT-to-DE conversion for injury needs: 13 games/nine starts with career-high 36 tackles, seven TFL, 3.5 sacks and four quarterback hurries. 2024 21 tackles/three TFL/1.5 sacks. Official 2026 senior with proven versatile defensive workload and measured opportunity for growth.",https://pittsburghpanthers.com/sports/football/roster/isaiah-neal/15022
pittsburgh|jaedenmoore,Pittsburgh,Jaeden Moore,Front Seven,SR,81,RISING,VOLATILE,injury / small-sample / role-transition context and high modeled spread,MODERATE,17,34,28,21,6,6,7,HIGH,UNCONFIRMED,INJURY_CONTEXT|UNCERTAIN_2027_ELIGIBILITY,"Pitt 2025 edge transfer from Oregon played only four games after training-camp injury, making two tackles and one QB hurry; Oregon 2023-24 17 games, just eight tackles/one TFL/half-sack. 2026 senior rebound role possible, but health and low career defensive production create high downside; prep awards not proof of current P4 dominance.",https://pittsburghpanthers.com/sports/football/roster/jaeden-moore/15020
pittsburgh|jakyrianturner,Pittsburgh,Jakyrian Turner,RB,SO,84,RISING,ESTABLISHED,credible existing college level or modal steady outlook; no guaranteed step forward,SUPPORTED,10,37,44,9,5,5,4,MEDIUM,UNCONFIRMED,,"Pitt 2025 true-freshman RB started five of 12 games, rushed 140 times for team-leading 745 yards and seven TD, plus 25 receptions/150 yards; 201-yard Georgia Tech game earned ACC rookie and RB weekly honors. 2026 sophomore already demonstrated real P4 role, more improvement/steady than blind prospect hype; 2025 entry rules out 2027 draft.",https://pittsburghpanthers.com/sports/football/roster/jakyrian-turner/15115
pittsburgh|jeremiahmarcelin,Pittsburgh,Jeremiah Marcelin,Front Seven,JR,89,HIGH UPSIDE,VOLATILE,injury / small-sample / role-transition context and high modeled spread,MODERATE,19,33,25,23,6,6,7,HIGH,UNCONFIRMED,INJURY_CONTEXT,"Pitt 2025 linebacker missed entire season with training-camp injury and redshirt, after 2024 ten special-teams/backup appearances and only one tackle. Official 2026 junior first entered 2024. Very limited P4 production and injury-recovery risk justify high volatility; 2027 draft legally possible but unlikely on present evidence.",https://pittsburghpanthers.com/sports/football/roster/jeremiah-marcelin/15017
pittsburgh|jimmyscott,Pittsburgh,Jimmy Scott,Front Seven,5TH,83,RISING,ESTABLISHED,credible existing college level or modal steady outlook; no guaranteed step forward,SUPPORTED,6,26,54,14,3,3,5,LOW,0,RISING_LABEL_OBSCURES_STEADY_MODE,"Pitt 2025 starting edge played 13 games/12 starts, 18 tackles/eight TFL/4.5 sacks, following 2024 all-13-start 30 tackles/12.5 TFL/six sacks and ACC Defensive Lineman of Week vs Cal. Official 2026 fifth-year veteran, known pressure production, limited dramatic breakout headroom and normal terminal-year exit.",https://pittsburghpanthers.com/sports/football/roster/jimmy-scott/15028
pittsburgh|joshguerrier,Pittsburgh,Josh Guerrier,Secondary,SO,71,HIGH UPSIDE,EMERGING,early college career + individually modeled development runway,SUPPORTED,20,38,31,11,6,6,5,HIGH,UNCONFIRMED,,"Pitt 2025 true-freshman CB appeared all 13 games, eight tackles and three PBU plus key blocked punt vs Florida State; reserve/special teams contributions without established starting role. Official 2026 sophomore first enrolled 2025, development runway real but draft ineligible until 2028.",https://pittsburghpanthers.com/sports/football/roster/josh-guerrier/15147
pittsburgh|raionstrader,Pittsburgh,Raion Strader,Secondary,SR,84,RISING,ESTABLISHED,credible existing college level or modal steady outlook; no guaranteed step forward,SUPPORTED,7,28,53,12,3,3,5,LOW,UNCONFIRMED,RISING_LABEL_OBSCURES_STEADY_MODE|UNCERTAIN_2027_ELIGIBILITY,"Auburn 2025 corner played 12 games/nine tackles/three PBU; Miami Ohio 2023-24 started 24 of 25 games with 110 tackles, 32 PBU/three INT, named 2024 MAC CB of Year by College Football News. Pitt 2026 senior veteran with transferable coverage chops but less recent SEC starting evidence, moderate role adaptation.",https://pittsburghpanthers.com/sports/football/roster/raion-strader/15181
pittsburgh|rashanmurray,Pittsburgh,Rashan Murray,Secondary,5TH,76,RISING,VOLATILE,injury / small-sample / role-transition context and high modeled spread,MODERATE,15,37,29,19,5,5,6,HIGH,0,UNCERTAIN_ROLE_OR_COMPETITION,"Pitt 2025 reserve CB played just three games, one tackle and one PBU after California (PA) 2022-24 32 games/78 tackles/four INT/25 PBU and Division II second-team All-American recognition. Official 2026 fifth year, role translation from DII to ACC remains uncertain and terminal-year modeling appropriate.",https://pittsburghpanthers.com/sports/football/roster/rashan-murray/15021
pittsburgh|shawnleejr,Pittsburgh,Shawn Lee Jr.,Secondary,SO,88,RISING,ESTABLISHED,credible existing college level or modal steady outlook; no guaranteed step forward,SUPPORTED,9,35,44,12,4,4,5,MEDIUM,UNCONFIRMED,RISING_LABEL_OBSCURES_STEADY_MODE,"Pitt 2025 true freshman CB honorable mention All-ACC and On3 true-freshman All-American after 13 games, 31 tackles/4.5 TFL, one pick-six and five PBU. 2026 sophomore has established impact plus upside but initial 2025 college entry makes 2027 NFL draft ineligible.",https://pittsburghpanthers.com/sports/football/roster/shawn-lee-jr/15013
pittsburgh|tonykinsler,Pittsburgh,Tony Kinsler,WR,SO,78,HIGH UPSIDE,EMERGING,early college career + individually modeled development runway,SUPPORTED,22,38,29,11,6,6,5,HIGH,UNCONFIRMED,,"Pitt 2025 true freshman receiver participated 12 of 13 games mostly on special teams, catching only one pass for four yards vs Boston College. High school had back-to-back 1,000-yard receiving seasons, but no FBS production at scale. 2026 sophomore faces significant target competition and development uncertainty, 2027 NFL ineligible.",https://pittsburghpanthers.com/sports/football/roster/tony-kinsler/15011
pittsburgh|zachcrothers,Pittsburgh,Zach Crothers,Front Seven,JR,79,RISING,VOLATILE,injury / small-sample / role-transition context and high modeled spread,MODERATE,17,33,29,21,6,6,7,HIGH,UNCONFIRMED,INJURY_CONTEXT,"Pitt 2025 DL appeared only four games before season-ending injury, but made 15 tackles/three TFL/1.5 sacks including breakout vs Central Michigan; 2024 redshirt without game action. Official 2026 junior, first enrolled 2024, can declare 2027 by elapsed years, but demonstrated season volume tiny with meaningful durability risk.",https://pittsburghpanthers.com/sports/football/roster/zach-crothers/15139
smu|aakilwashington,SMU,Aakil Washington,Front Seven,SR,84,RISING,VOLATILE,injury / small-sample / role-transition context and high modeled spread,MODERATE,13,30,35,22,5,5,7,HIGH,UNCONFIRMED,INJURY_CONTEXT|UNCERTAIN_2027_ELIGIBILITY,"SMU graduate DE transferred after Liberty and South Alabama: 2024 started 10 of 13 South Alabama games with 41 tackles, while 2025 medically redshirted without appearing in games; accumulated 38 Liberty appearances and multiple sacks before. Earlier starting pass rush supports a possible postmedical rebound, but lengthy college history and no 2025 film imply elevated injury and consistency downside. Earliest NFL draft year cannot be established precisely from 2026 graduate listing alone; draft eligible yes.",https://smumustangs.com/sports/football/roster/aakil-washington/15591
smu|alexanderkilgore,SMU,Alexander Kilgore,Front Seven,SR,82,RISING,ESTABLISHED,credible existing college level or modal steady outlook; no guaranteed step forward,SUPPORTED,5,24,58,13,3,3,5,LOW,UNCONFIRMED,RISING_LABEL_OBSCURES_STEADY_MODE|UNCERTAIN_2027_ELIGIBILITY,"SMU 2026 senior starting LB and 2025 team captain: 11 starts in 2025, 60 tackles/3.5 TFL/two INT; 2024 56 tackles/three TFL; 2023 36 tackles/six TFL/3.5 sacks. A stable four-year SMU defender with multi-phase production is likely to repeat his level rather than newly transform into a prospect. Can declare 2027; fourth-year 2026 label does not by itself certify college eligibility exhaustion.",https://smumustangs.com/sports/football/roster/alexander-kilgore/15548
smu|brandonbooker,SMU,Brandon Booker,Front Seven,JR,80,RISING,ESTABLISHED,credible existing college level or modal steady outlook; no guaranteed step forward,SUPPORTED,10,34,44,12,5,5,5,MEDIUM,UNCONFIRMED,RISING_LABEL_OBSCURES_STEADY_MODE,"SMU 2026 junior LB came from 2024 14-game/10-tackle reserve usage to 2025 13 games, 11 starts, 69 tackles, three TFL, four QB hurries and two PBUs. Already functional ACC starter, with upside in coverage and blitz consistency; not a complete unknown breakout bet. 2024 enrollment qualifies for 2027 draft without certainty of declaration.",https://smumustangs.com/sports/football/roster/brandon-booker/15515
smu|dramekcogreen,SMU,Dramekco Green,RB,SO,79,HIGH UPSIDE,EMERGING,early college career + individually modeled development runway,SUPPORTED,20,42,25,13,7,7,5,HIGH,UNCONFIRMED,,"SMU 2026 sophomore RB redshirted as 2025 first-year player after five college games with 25 carries/90 yards and one TD. Significant red-zone/playbook development and carry share possible, but no sustained 2025 feature-back season or prior first-team evidence, so a higher-variance forecast is appropriate. 2025 first college enrollment rules out 2027 draft.",https://smumustangs.com/sports/football/roster/dramekco-green/15534
smu|irasingletoniv,SMU,Ira Singleton IV,Front Seven,JR,84,RISING,ASCENDING,sourced opportunity or demonstrated progression with sizeable improvement odds,SUPPORTED,13,35,39,13,5,5,5,MEDIUM,UNCONFIRMED,,"SMU 2026 junior defensive end transferred from USF where 2025 played all 13 games: 17 tackles, three TFL, 2.5 sacks, six QB hurries and two fumble recoveries, after 2024 12 appearances/2.5 sacks. Positive rotation disruption but not proven high-snap ACC starring performer; expanded usage offers upside and transfer uncertainty. College entry 2024 means 2027 draft possible.",https://smumustangs.com/sports/football/roster/ira-singleton-iv/15627
smu|jahkailang,SMU,Jahkai Lang,Front Seven,SR,78,RISING,ESTABLISHED,credible existing college level or modal steady outlook; no guaranteed step forward,SUPPORTED,10,30,46,14,5,5,5,MEDIUM,UNCONFIRMED,RISING_LABEL_OBSCURES_STEADY_MODE|UNCERTAIN_2027_ELIGIBILITY,"SMU 2026 redshirt junior DL began at Missouri in 2023, registered three sacks in 12 reserve appearances in 2024, then played 13 SMU 2025 games/four starts with 24 tackles and one TFL. A proven conference rotation player with moderate role growth, yet no established elite sack production. First enrolled 2023, eligible for 2027 Draft.",https://smumustangs.com/sports/football/roster/jahkai-lang/15550
smu|jalencooper,SMU,Jalen Cooper,WR,SO,85,RISING,ASCENDING,sourced opportunity or demonstrated progression with sizeable improvement odds,SUPPORTED,12,37,39,12,6,6,5,MEDIUM,UNCONFIRMED,,"SMU 2026 sophomore wide receiver emerged immediately in 2025 as true freshman with all 13 appearances/six starts, 19 catches/321 yards and two touchdowns including a 75-yard score vs Baylor. Proven college splash and development opportunity, but still modest target totals and uncertain high-volume year two. 2025 entry makes 2027 NFL Draft impossible under ordinary rule.",https://smumustangs.com/sports/football/roster/jalen--cooper/15522
smu|jarvislee,SMU,Jarvis Lee,Secondary,SR,86,RISING,ESTABLISHED,credible existing college level or modal steady outlook; no guaranteed step forward,SUPPORTED,7,25,54,14,3,3,5,MEDIUM,UNCONFIRMED,RISING_LABEL_OBSCURES_STEADY_MODE|UNCERTAIN_2027_ELIGIBILITY,"SMU 2026 senior safety transfer after USF 2025 13 games/55 tackles/four sacks/two interceptions/three forced fumbles/two PBUs, following 2024 rotational 14 tackles/2.5 TFL/sack. Demonstrated rare disruption for a safety but pass-rush/turnover spike may regress at ACC level. College matriculation 2023 establishes NFL draft timing 2026 onwards, not automatic graduation.",https://smumustangs.com/sports/football/roster/jarvis-lee/15618
smu|jayvonthomas,SMU,Jayvon Thomas,Secondary,SR,84,RISING,ASCENDING,sourced opportunity or demonstrated progression with sizeable improvement odds,SUPPORTED,13,34,34,19,5,5,6,HIGH,UNCONFIRMED,UNCERTAIN_2027_ELIGIBILITY,"SMU 2026 senior CB from Texas A&M: 2023 nine games/one start; 2024 11 games/four starts with one interception; 2025 13 games but just one tackle, suggesting a much smaller defensive role. A new SMU starting opportunity could restore performance, yet college starter history is limited and role risk is high. Avoid recruiting-pedigree grade inflation; 2023 enrollment means draft eligible 2027.",https://smumustangs.com/sports/football/roster/jayvon-thomas/15638
smu|jimmywyrick,SMU,Jimmy Wyrick,Secondary,6TH,82,STEADY,ESTABLISHED,credible existing college level or modal steady outlook; no guaranteed step forward,MODERATE,5,21,55,19,3,3,6,MEDIUM,0,INJURY_CONTEXT,"SMU 2026 graduate sixth-year safety after Stanford 2021–23 and UTSA 2024–25. Stanford 2021 six starts, 25 tackles/one INT/six PBU; UTSA 2024 season-ending injury after four games, 2025 13 games/62 tackles/eight PBUs, two fumble recoveries/INT. Veteran coverage role and medical uncertainty merit mostly steady and downside, with normal sixth-year 2026 modeled final; 2021 first entry means draft eligible before 2027.",https://smumustangs.com/sports/football/roster/jimmy-wyrick/15630
smu|kendrickraphael,SMU,Kendrick Raphael,RB,SR,90,RISING,ESTABLISHED,credible existing college level or modal steady outlook; no guaranteed step forward,SUPPORTED,8,29,46,17,4,4,5,MEDIUM,UNCONFIRMED,RISING_LABEL_OBSCURES_STEADY_MODE|UNCERTAIN_2027_ELIGIBILITY,"SMU 2026 senior RB transferred from Cal after 2025 All-ACC honorable mention: 232 carries for 943 yards/13 rushing TD and 31 catches/231 yards/one receiving TD in 12 games/11 starts. Proven feature workload should stabilize 2027 NFL market, while SEC/ACC workload and new offensive fit can cause efficiency variance; do not mechanically treat a new school as a skill breakout.",https://smumustangs.com/sports/football/roster/kendrick-raphael/15625
smu|kevinjennings,SMU,Kevin Jennings,QB,5TH,87,STEADY,ESTABLISHED,credible existing college level or modal steady outlook; no guaranteed step forward,LIMITED,6,22,47,25,3,3,6,MEDIUM,0,THIN_SAMPLE,"SMU official 2026 fifth-year quarterback, first season 2022; 2025 completed 66% for 3,641 passing yards and 26 TD in 13 starts. Strong big-play and rushing experience, but recurring turnovers and multi-year work suggest limited high-end leap and some realistic decline. End of normal eligibility after 2026.",https://smumustangs.com/sports/football/roster/kevin-jennings/15545
smu|marcellusbarnesjr,SMU,Marcellus Barnes Jr.,Secondary,JR,78,RISING,ESTABLISHED,credible existing college level or modal steady outlook; no guaranteed step forward,MODERATE,11,36,39,14,5,5,5,MEDIUM,UNCONFIRMED,UNCERTAIN_ROLE_OR_COMPETITION,"SMU 2026 junior corner previously at Syracuse and SMU: official 2025 SMU redshirt-freshman line of 12 games/seven starts, 32 tackles, two TFL, INT, six PBUs, forced and recovered fumbles. Productive young coverage deployment supports growth, but limited total college starts and transfer history create variability. First Syracuse entry 2024 means 2027 draft possible.",https://smumustangs.com/sports/football/roster/marcellus-barnes-jr-/15512
smu|randypittmanjr,SMU,Randy Pittman Jr.,TE,SR,82,RISING,ESTABLISHED,credible existing college level or modal steady outlook; no guaranteed step forward,SUPPORTED,8,27,49,16,4,4,5,MEDIUM,UNCONFIRMED,RISING_LABEL_OBSCURES_STEADY_MODE|UNCERTAIN_2027_ELIGIBILITY,"SMU 2026 senior tight end transferred via UCF and Florida State: 2023 19/215/1, 2024 UCF 32/416/2, 2025 FSU nine games/23 receptions/208 yards/two TD. Repeated actual collegiate receiving production across multiple schools, but target role has varied, so steady to modest gain with new offense uncertainty rather than locked TE elite ceiling.",https://smumustangs.com/sports/football/roster/randy-pittman-jr-/15624
smu|theomelinohrstrom,SMU,Theo Melin Ohrstrom,TE,5TH,85,RISING,ESTABLISHED,credible existing college level or modal steady outlook; no guaranteed step forward,SUPPORTED,7,26,51,16,3,3,5,MEDIUM,0,RISING_LABEL_OBSCURES_STEADY_MODE,"SMU 2026 official FIFTH-YEAR TE transfer from Texas A&M: 2022 freshman reserve, 2023 12 games, 2024 13 games/four starts with 111-yard career receiving game vs New Mexico State, 2025 13 appearances with 19 catches/168 yards/one TD. Proven blocking and occasional receiving skill, not high-volume route star; model ordinary fifth-year eligibility expires after 2026.",https://smumustangs.com/sports/football/roster/theo-melin-ohrstrom/15620
smu|tyrenpolleyjr,SMU,Tyren Polley Jr.,Secondary,SO,82,RISING,ESTABLISHED,credible existing college level or modal steady outlook; no guaranteed step forward,MODERATE,11,33,44,12,5,5,5,MEDIUM,UNCONFIRMED,INJURY_CONTEXT|UNCERTAIN_ROLE_OR_COMPETITION|RISING_LABEL_OBSCURES_STEADY_MODE,"SMU sophomore safety played six college games as 2025 freshman, starting one despite injury-limited season, with 20 tackles and two interceptions (Boston College/Louisville) plus two PBUs. A genuinely promising ballhawk with small starting sample, allowing progression but not a guaranteed takeaway repetition. First enrolled 2025 and draft ineligible 2027.",https://smumustangs.com/sports/football/roster/tyren-polley-jr/15572
smu|yamirknight,SMU,Yamir Knight,WR,SR,86,RISING,ESTABLISHED,credible existing college level or modal steady outlook; no guaranteed step forward,MODERATE,8,27,51,14,4,4,5,MEDIUM,UNCONFIRMED,RISING_LABEL_OBSCURES_STEADY_MODE|UNCERTAIN_2027_ELIGIBILITY,"SMU senior WR: 2025 13 games/six starts, 54 receptions/637 yards/five TD, second on SMU in catches; two 100-yard performances including 162 yards at Boston College and 104 in Holiday Bowl, plus punt return value. Established mid/high ACC receiver production favors mostly steady with moderate NFL interest rather than overnight superstar growth.",https://smumustangs.com/sports/football/roster/yamir-knight/15549
smu|yannicksmith,SMU,Yannick Smith,WR,JR,87,RISING,ESTABLISHED,credible existing college level or modal steady outlook; no guaranteed step forward,SUPPORTED,11,36,41,12,5,5,5,MEDIUM,UNCONFIRMED,,"SMU 2026 junior receiver transferred from East Carolina after freshman 2024 25 receptions/434 yards/three TD over 13 games/three starts and 2025 44/583/five TD over 11 games with two 100-yard outings. Two credible AAC receiving seasons support steady/modest development in SMU offense, with transfer target-share uncertainty. 2024 first college entry makes 2027 draft possible.",https://smumustangs.com/sports/football/roster/yannick-smith/15628
tennessee|amarecampbell,Tennessee,Amare Campbell,Front Seven,SR,84,STEADY,ESTABLISHED,credible existing college level or modal steady outlook; no guaranteed step forward,SUPPORTED,3,18,61,18,2,2,5,LOW,0,,"Penn State's 2025 leading tackler: 103 tackles, 9.5 TFL and three sacks in 13 starts; Tennessee starter with 2026 opener-to-Auburn production. Tennessee explicitly identifies 2026 as his final eligibility year, making offseason exit certain regardless of draft declaration.",https://utsports.com/sports/football/roster/amare-campbell/23060
tennessee|arioncarter,Tennessee,Arion Carter,Front Seven,SR,89,RISING,ESTABLISHED,credible existing college level or modal steady outlook; no guaranteed step forward,MODERATE,4,25,55,16,3,3,5,LOW,UNCONFIRMED,INJURY_CONTEXT|RISING_LABEL_OBSCURES_STEADY_MODE|UNCERTAIN_2027_ELIGIBILITY,"Tennessee's 2025 leading regular-season tackler despite foot injury: 76 tackles and six TFL in ten games, nine starts. Returned with 33 tackles entering Week 6 in 2026; a proven veteran with more steady outcomes than breakout potential.",https://utsports.com/sports/football/roster/arion-carter/23001
tennessee|braylonstaley,Tennessee,Braylon Staley,WR,JR,84,RISING,ESTABLISHED,credible existing college level or modal steady outlook; no guaranteed step forward,SUPPORTED,10,34,46,10,4,4,4,MEDIUM,UNCONFIRMED,RISING_LABEL_OBSCURES_STEADY_MODE,"2025 Tennessee receiver played all 13 games as a starter, with 68 catches, 837 receiving yards and six TD; 2026 has two scoring catches through first four games. Official 2026 roster calls him a JUNIOR, correcting the outdated sophomore ledger class. High-level college production, but added upside and usage volatility remain.",https://utsports.com/sports/football/roster/braylon-staley/23047
tennessee|daevinhobbs,Tennessee,Daevin Hobbs,Front Seven,SR,80,RISING,ESTABLISHED,credible existing college level or modal steady outlook; no guaranteed step forward,SUPPORTED,8,28,42,22,4,4,6,HIGH,UNCONFIRMED,RISING_LABEL_OBSCURES_STEADY_MODE|UNCERTAIN_2027_ELIGIBILITY,"2025 rotational Tennessee DL played final eight games, posting 30 tackles, 3.5 TFL and three sacks after missing earlier action; 2026 logged 1.5 TFL against Texas and three QB hurries against Auburn. Impact flashes and intermittent availability suggest both improvement and downside.",https://utsports.com/sports/football/roster/daevin-hobbs/23014
tennessee|dasaahnbrame,Tennessee,DaSaahn Brame,TE,SO,78,RISING,ASCENDING,sourced opportunity or demonstrated progression with sizeable improvement odds,LIMITED,16,43,31,10,6,6,4,HIGH,UNCONFIRMED,THIN_SAMPLE,"2025 true freshman Tennessee tight end: six receptions for 63 yards across nine games. Made first start in 2026 and added catches versus Georgia Tech, Texas and Auburn; early rotation-to-start growth, but no established feature-player production. First college enrollment in 2025 means not draft eligible for 2027.",https://utsports.com/sports/football/roster/dasaahn-brame/22998
tennessee|daunemorris,Tennessee,Daune Morris,RB,SO,78,RISING,ASCENDING,sourced opportunity or demonstrated progression with sizeable improvement odds,MODERATE,16,38,34,12,6,6,5,HIGH,UNCONFIRMED,UNCERTAIN_ROLE_OR_COMPETITION,"2025 Tennessee freshman reserve RB: 35 carries, 133 yards, one rushing TD. Expanded 2026 work includes 116 yards and a 42-yard TD versus Kennesaw State and 98 yards with TD against Georgia Tech; credible young breakout path but inconsistent SEC role. First college enrollment in 2025 means 2027 draft ineligible.",https://utsports.com/sports/football/roster/daune-morris/23028
tennessee|dejuanlane,Tennessee,Dejuan Lane,Secondary,JR,84,RISING,ASCENDING,sourced opportunity or demonstrated progression with sizeable improvement odds,MODERATE,14,36,39,11,6,6,5,MEDIUM,UNCONFIRMED,UNCERTAIN_ROLE_OR_COMPETITION,"2025 Penn State safety: 30 tackles, 2.5 TFL and one sack in 13 games with three starts. At Tennessee in 2026, started all five opening games, two INT including pick-six against Georgia Tech and two sacks against Auburn. A verified starter/turnover impact warrants higher breakout odds, with limited prior starting sample.",https://utsports.com/sports/football/roster/dejuan-lane/23078
tennessee|deseanbishop,Tennessee,DeSean Bishop,RB,SR,92,STEADY,PLATEAUING,documented established output + high steady probability / little further grade headroom,SUPPORTED,4,20,61,15,3,3,5,LOW,UNCONFIRMED,UNCERTAIN_2027_ELIGIBILITY,"Tennessee 2025 second-team All-SEC RB: 1,076 rushing yards, 16 rushing TD in 13 starts at 5.9 yards per carry. Started 2026 with 97 yards against Furman and 147 with two TD against Georgia Tech. Mature featured back, little room for explosive development; official 2026 classification SENIOR, not legacy junior.",https://utsports.com/sports/football/roster/desean-bishop/22996
tennessee|ethandavis,Tennessee,Ethan Davis,TE,SR,84,RISING,ESTABLISHED,credible existing college level or modal steady outlook; no guaranteed step forward,SUPPORTED,8,28,49,15,4,4,5,MEDIUM,UNCONFIRMED,RISING_LABEL_OBSCURES_STEADY_MODE|UNCERTAIN_2027_ELIGIBILITY,"Tennessee 2025 junior TE had 21 catches, 257 yards and two TD in nine appearances/four starts, including seven for 85 versus Vanderbilt. Scored TD in first two 2026 games. Official 2026 class SENIOR corrects earlier junior label; moderate opportunity to grow, not an established high-volume receiving star.",https://utsports.com/sports/football/roster/ethan-davis/23003
tennessee|georgemacintyre,Tennessee,George MacIntyre,QB,FR,79,HIGH UPSIDE,EMERGING,early college career + individually modeled development runway,LIMITED,22,42,26,10,8,8,5,HIGH,UNCONFIRMED,INJURY_CONTEXT|THIN_SAMPLE,"2026 Tennessee redshirt freshman elevated after Faizon Brandon injury; threw 14-of-20 for 148 yards and a TD in relief before upcoming first start against Arkansas. Opportunity and inexperience imply a high-upside, high-volatility 2027 curve, but demonstrated current starter play is not established. 2025 first collegiate enrollment bars 2027 NFL draft.",https://www.reuters.com/sports/reports-tennessee-start-qb-george-macintyre-vs-arkansas--flm-2026-10-07/
tennessee|javingordon,Tennessee,Javin Gordon,RB,SO,82,RISING,ASCENDING,sourced opportunity or demonstrated progression with sizeable improvement odds,SUPPORTED,13,35,39,13,5,5,5,MEDIUM,UNCONFIRMED,,"Tulane 2025 true freshman RB: 128 carries, 516 yards and five TD, plus 13 catches for 93 yards, six starts on CFP team. Transferred to Tennessee for 2026, with 47 rushing yards in debut and 32 at Georgia Tech. Transfer creates role competition; 2025 college entry bars 2027 NFL Draft.",https://utsports.com/sports/football/roster/javin-gordon/23071
tennessee|kayinlee,Tennessee,Kayin Lee,Secondary,SR,84,RISING,ESTABLISHED,credible existing college level or modal steady outlook; no guaranteed step forward,SUPPORTED,6,24,53,17,3,3,5,LOW,UNCONFIRMED,RISING_LABEL_OBSCURES_STEADY_MODE|UNCERTAIN_2027_ELIGIBILITY,"Auburn 2025 starting CB did not allow a TD across 328 coverage snaps, had 31 tackles and four pass breakups in 11 starts. At Tennessee, started first five 2026 games and intercepted Texas; veteran quality supports steady odds, with some new-team variability.",https://utsports.com/sports/football/roster/kayin-lee/23079
tennessee|mariyondye,Tennessee,Mariyon Dye,Front Seven,SO,88,HIGH UPSIDE,EMERGING,early college career + individually modeled development runway,LIMITED,23,40,28,9,6,6,5,HIGH,UNCONFIRMED,UNCERTAIN_ROLE_OR_COMPETITION|THIN_SAMPLE,"2025 Tennessee freshman reserve edge recorded eight tackles, 1.5 TFL and one sack in seven games. Broke through early 2026 with four sacks through five games, including two at Georgia Tech and a forced fumble versus Auburn. Strong rise from small sample, greater upside but avoid treating early 2026 sacks as proven multi-season elite. Enrolled in 2025, not 2027 draft eligible.",https://utsports.com/sports/football/roster/mariyon-dye/23005
tennessee|mikematthews,Tennessee,Mike Matthews,WR,JR,86,RISING,ASCENDING,sourced opportunity or demonstrated progression with sizeable improvement odds,MODERATE,12,35,41,12,5,5,5,MEDIUM,UNCONFIRMED,,"Tennessee junior WR, 78 career receptions for 1,221 yards/9 TD by early 2026 and four 100-yard games. 2026 team receiving leader after five games (18 receptions, 318 yards, three TD). Legitimate higher-volume usage in Year 2 than veteran developmental plateau, but explosive plays can fluctuate.",https://utsports.com/sports/football/roster/mike-matthews/23024
tennessee|quamoss,Tennessee,Qua Moss,Secondary,SR,76,RISING,ESTABLISHED,credible existing college level or modal steady outlook; no guaranteed step forward,SUPPORTED,7,28,48,17,4,4,6,MEDIUM,UNCONFIRMED,RISING_LABEL_OBSCURES_STEADY_MODE|UNCERTAIN_2027_ELIGIBILITY,"Kansas State 2025 STAR starter: 41 tackles, five TFL, one sack and two picks in 12 games/10 starts, zero allowed TD on 286 coverage snaps. At Tennessee 2026 starting nickel and punt returner, 57-yard punt-return TD against Texas; transfer role offers some upside but has mature performance baseline.",https://utsports.com/sports/football/roster/qua-moss/23083
tennessee|radariousjackson,Tennessee,Radarious Jackson,WR,SO,81,RISING,ASCENDING,sourced opportunity or demonstrated progression with sizeable improvement odds,SUPPORTED,16,39,34,11,5,5,5,HIGH,UNCONFIRMED,,"2025 Tennessee true freshman receiver caught nine passes for 90 yards in nine games. 2026 moved into the starting rotation, including three catches for 64 at Georgia Tech. Young physical receiver has realistic opportunity-driven growth but small SEC target sample; entered college 2025, no 2027 draft eligibility.",https://utsports.com/sports/football/roster/radarious-jackson/23017
tennessee|tjmetcalf,Tennessee,TJ Metcalf,Secondary,SR,82,RISING,ESTABLISHED,credible existing college level or modal steady outlook; no guaranteed step forward,SUPPORTED,7,24,53,16,4,4,5,LOW,UNCONFIRMED,RISING_LABEL_OBSCURES_STEADY_MODE|UNCERTAIN_2027_ELIGIBILITY,"Michigan 2025 safety started all 13 games, made 58 tackles, four PBUs and one INT, earning All-Big Ten honorable mention; previously played at Arkansas. Started Tennessee's first five 2026 games with 23 tackles. Established multi-year college DB with more steady than breakout probability.",https://utsports.com/sports/football/roster/tj-metcalf/23082
tennessee|tyredmond,Tennessee,Ty Redmond,Secondary,SO,87,RISING,ESTABLISHED,credible existing college level or modal steady outlook; no guaranteed step forward,SUPPORTED,11,32,47,10,4,4,5,MEDIUM,UNCONFIRMED,RISING_LABEL_OBSCURES_STEADY_MODE,"2025 Tennessee true freshman CB was Freshman All-American after 12 starts, 43 tackles, three INT and an SEC-best 12 pass breakups. Has five 2026 starts with productive pass defense. Already high demonstrated level for sophomore; first enrolled 2025, ineligible for 2027 draft.",https://utsports.com/sports/football/roster/ty-redmond/23037
tennessee|tyreeweathersby,Tennessee,Tyree Weathersby,Front Seven,SR,80,RISING,ESTABLISHED,credible existing college level or modal steady outlook; no guaranteed step forward,LIMITED,10,36,38,16,5,5,6,MEDIUM,UNCONFIRMED,UNCERTAIN_ROLE_OR_COMPETITION|THIN_SAMPLE|UNCERTAIN_2027_ELIGIBILITY,"2025 Tennessee reserve edge played 13 games with one start and 24 tackles, 2.5 TFL and one sack. In 2026 opened as starter and had 2.5 sacks and TFL against Texas and another sack versus Furman; credible role-driven breakthrough with small-sample volatility.",https://utsports.com/sports/football/roster/tyree-weathersby/23053
tennessee|xaviergilliam,Tennessee,Xavier Gilliam,Front Seven,JR,89,HIGH UPSIDE,ASCENDING,sourced opportunity or demonstrated progression with sizeable improvement odds,SUPPORTED,19,39,29,13,6,6,5,HIGH,UNCONFIRMED,,"2025 Penn State sophomore interior DL played 13 games, made 15 tackles and two TFL in 409 defensive snaps. Transferred to Tennessee for 2026 and produced three sacks/five TFL versus Furman, then 0.5 TFL versus Georgia Tech. Big debut against lower-tier opponent should not be over-weighted; 2026 official class JUNIOR, not legacy sophomore.",https://utsports.com/sports/football/roster/xavier-gilliam/23068
texas|archmanning,Texas,Arch Manning,QB,SR,88,RISING,ESTABLISHED,credible existing college level or modal steady outlook; no guaranteed step forward,MODERATE,7,26,49,18,3,3,5,MEDIUM,1,UNCERTAIN_ROLE_OR_COMPETITION|RISING_LABEL_OBSCURES_STEADY_MODE,"2026 official Texas roster lists Senior (fourth year, enrolled 2023), not ESPN Junior; uneven 2026 efficiency and public discussion of return vs 2027 declaration. One more season may remain; not coded as guaranteed graduation.",https://texaslonghorns.com/sports/football/roster/manning-arch/16963 | https://www.cbssports.com/nfl/draft/mock-draft/
texas|bomascoe,Texas,Bo Mascoe,Secondary,SR,86,RISING,ESTABLISHED,credible existing college level or modal steady outlook; no guaranteed step forward,SUPPORTED,7,27,49,17,4,4,5,MEDIUM,UNCONFIRMED,RISING_LABEL_OBSCURES_STEADY_MODE|UNCERTAIN_2027_ELIGIBILITY,"Texas 2026 senior corner transferred from Rutgers; in 2025 started all 12 games and earned All-Big Ten honorable mention, including a nine-tackle/forced-fumble Ohio State game. Started all four first Texas games in 2026 with tackles and a TFL at Tennessee/UTSA. Proven conference coverage role but first-season system transition brings moderate risk; fourth college year not assumed final.",https://texaslonghorns.com/sports/football/roster/bo-mascoe/16946
texas|camcoleman,Texas,Cam Coleman,WR,JR,89,RISING,ESTABLISHED,credible existing college level or modal steady outlook; no guaranteed step forward,MODERATE,12,32,43,13,5,5,5,MEDIUM,UNCONFIRMED,UNCERTAIN_ROLE_OR_COMPETITION,"Texas 2026 receiver arrived after two productive Auburn SEC seasons, with proven big-play ability but uneven targets and output through four Texas games. Game development allows improvement or decline based on changing offensive role; no claims about real NIL compensation or reported contract figures.",https://texaslonghorns.com/sports/football/roster/cam-coleman/16950 | https://www.burntorangenation.com/texas-longhorns-football/105390/cam-coleman-analysis-texas-longhorns-arch-manning
texas|colinsimmons,Texas,Colin Simmons,Front Seven,JR,99,STEADY,PLATEAUING,documented established output + high steady probability / little further grade headroom,MODERATE,3,12,67,18,1,0,5,LOW,UNCONFIRMED,NUMERIC_GRADE_CEILING,2025 SEC-leading 12 sacks; 2026 five-and-a-half-sack Tennessee game; October 6 mock drafts project top-five selection. Elite established level and very high NFL exit estimate.,https://texaslonghorns.com/sports/football/roster/colin-simmons/16936 | https://www.cbssports.com/nfl/draft/mock-draft/
texas|emmettmosleyv,Texas,Emmett Mosley V,WR,JR,82,RISING,ESTABLISHED,credible existing college level or modal steady outlook; no guaranteed step forward,SUPPORTED,11,34,41,14,5,5,5,MEDIUM,UNCONFIRMED,,"Third-year Texas receiver transferred from Stanford in 2025. Stanford 2024 true freshman: 48 receptions for 525 yards, six TD and freshman school records; 2025 Texas nine games/eight starts with touchdowns and postseason catches. In 2026 first four games: three for 37, five for 67, three for 28, and one for 43 yards. Upside from full-season role vs established prior production, not an unproven prospect.",https://texaslonghorns.com/sports/football/roster/emmett-mosley-v/16942
texas|gracesonlittleton,Texas,Graceson Littleton,Secondary,SO,89,RISING,ESTABLISHED,credible existing college level or modal steady outlook; no guaranteed step forward,SUPPORTED,9,32,47,12,5,5,4,MEDIUM,UNCONFIRMED,RISING_LABEL_OBSCURES_STEADY_MODE,"Texas second-year sophomore defensive back with 11 starts in 17 career appearances through early 2026, eight-tackle career high in 2025 and three INT career total through September 2026. Started three of first four 2026 games including an interception and pass breakup against Ohio State and 59-yard fumble return TD vs Texas State. Proven playmaking in substantial young workload; no 2027 NFL draft under 2025 matriculation.",https://texaslonghorns.com/sports/football/roster/graceson-littleton/16980
texas|herokanu,Texas,Hero Kanu,Front Seven,5TH,86,RISING,ESTABLISHED,credible existing college level or modal steady outlook; no guaranteed step forward,SUPPORTED,6,23,54,17,3,3,5,LOW,0,RISING_LABEL_OBSCURES_STEADY_MODE,Official Texas 2026 fifth-year interior DL after Ohio State; 43 career games/15 Texas starts and Phil Steele preseason All-SEC nod. Started all four games with 1.5 TFL against Texas State and 1.5 sacks at Tennessee. Established 2025–26 starter value with ordinary steady probability and modest further growth. 2022 matriculation implies normal fifth-year eligibility ends after 2026 unless waiver.,https://texaslonghorns.com/sports/football/roster/hero-kanu/17032
texas|hollywoodsmothers,Texas,Hollywood Smothers,RB,SR,88,RISING,ESTABLISHED,credible existing college level or modal steady outlook; no guaranteed step forward,SUPPORTED,8,29,47,16,5,5,5,MEDIUM,UNCONFIRMED,RISING_LABEL_OBSCURES_STEADY_MODE|UNCERTAIN_2027_ELIGIBILITY,"Texas 2026 senior RB transfer from NC State, 2025 career highs of 24 rushes/164 yards at Wake Forest and 65-yard carry at Pittsburgh. In 2026 scored twice against Ohio State and a receiving touchdown against Texas State while sharing backfield. Demonstrated multiyear burst and receiving utility, new-school role uncertainty; senior is fourth college year, not confirmed exhausted.",https://texaslonghorns.com/sports/football/roster/hollywood-smothers/16939
texas|jelanimcdonald,Texas,Jelani McDonald,Secondary,SR,90,RISING,ESTABLISHED,credible existing college level or modal steady outlook; no guaranteed step forward,SUPPORTED,6,26,53,15,3,3,5,MEDIUM,UNCONFIRMED,RISING_LABEL_OBSCURES_STEADY_MODE|UNCERTAIN_2027_ELIGIBILITY,"Texas official senior DB played 43 career games/21 starts heading into 2026; 2025 started all 13 games with interceptions against UTEP, Sam Houston and Arkansas and 14 tackles at Mississippi State. 2026 started all first four and registered 8/7/3/8 tackles against Texas State, Ohio State, UTSA and Tennessee. High current workload supports stable/solid gains but no giant ceiling leap.",https://texaslonghorns.com/sports/football/roster/jelani-mcdonald/16944
texas|justincryer,Texas,Justin Cryer,Front Seven,SR,85,RISING,ESTABLISHED,credible existing college level or modal steady outlook; no guaranteed step forward,LIMITED,9,30,45,16,4,4,5,MEDIUM,UNCONFIRMED,THIN_SAMPLE|RISING_LABEL_OBSCURES_STEADY_MODE|UNCERTAIN_2027_ELIGIBILITY,"Texas 2026 senior LB transferred from Florida State where he led LBs with 43 tackles, five TFL and a sack in 2025, eight starts. In Texas first four games started all, recorded nine tackles vs Ohio State and nine at Tennessee with pressure/PBU production. Starting consistency supports moderate improvement with normal new-scheme volatility, not automatic 2026 graduation from fourth-year class.",https://texaslonghorns.com/sports/football/roster/justin-cryer/16978
texas|kadephillips,Texas,Kade Phillips,Secondary,SO,89,RISING,ESTABLISHED,credible existing college level or modal steady outlook; no guaranteed step forward,SUPPORTED,10,34,42,14,5,5,5,MEDIUM,UNCONFIRMED,,"Texas sophomore corner/safety played 16 games with seven starts early in 2026. His 2025 highs include eight solo stops and two TFL vs Michigan and two PBUs vs Arkansas. Demonstrated rookie defensive responsibility, but more technique consistency and expanded role possible. 2025 college enrollment makes 2027 NFL Draft ineligible.",https://texaslonghorns.com/sports/football/roster/kade-phillips/16951
texas|kobeblack,Texas,Kobe Black,Secondary,JR,78,RISING,ASCENDING,sourced opportunity or demonstrated progression with sizeable improvement odds,LIMITED,13,34,39,14,5,5,5,MEDIUM,UNCONFIRMED,THIN_SAMPLE,"Texas junior defensive back entered college 2024, appeared in 30 career games with only four starts by October 2026. First 2025 college interception came against Texas A&M, three starts in first part of 2026 with pass breakup against Texas State. Increased 2026 role makes real improvement possible, but modest established starts temper NFL declaration probability.",https://texaslonghorns.com/sports/football/roster/kobe-black/16948
texas|maraadwatson,Texas,Maraad Watson,Front Seven,JR,80,RISING,ESTABLISHED,credible existing college level or modal steady outlook; no guaranteed step forward,SUPPORTED,9,33,45,13,4,4,5,MEDIUM,UNCONFIRMED,RISING_LABEL_OBSCURES_STEADY_MODE,"Texas third-year defensive tackle transferred from Syracuse, where he had 11 starts in 13 freshman games; played 12 games/six starts for Texas in 2025 with 1.5 sacks vs San José State. Started all four 2026 games with strip-sack vs Texas State and five tackles/TFL at Tennessee. Established multi-school interior snaps suggest steady to modest upward course.",https://texaslonghorns.com/sports/football/roster/maraad-watson/17028
texas|raleekbrown,Texas,Raleek Brown,RB,5TH,85,STEADY,VOLATILE,injury / small-sample / role-transition context and high modeled spread,MODERATE,8,24,42,26,4,4,7,HIGH,0,INJURY_CONTEXT,"Texas official 2026 fifth-year RB transferred from Arizona State after starting career at USC; 33 career games across three schools. ASU 2025 career 255 rushing yards at Colorado, then Texas first four 2026 games 48 rushes for 205 yards/four TD, team-leading 67 yards and two TD at Tennessee. Real burst but recurrent transfers/injury history and capped fifth-year eligibility raise volatility. Must exit normally after 2026.",https://texaslonghorns.com/sports/football/roster/raleek-brown/16937
texas|rasheembiles,Texas,Rasheem Biles,Front Seven,SR,96,STEADY,PLATEAUING,documented established output + high steady probability / little further grade headroom,SUPPORTED,3,14,67,16,2,2,5,LOW,UNCONFIRMED,UNCERTAIN_2027_ELIGIBILITY,"Texas 2026 senior linebacker transfer from Pitt. In 2025 101 tackles, 17 TFL, 4.5 sacks, six PBUs and two pick-sixes. First four games of 2026 included two INT, 13-tackle Tennessee outing and physical coverage/run support. Proven upper-tier all-around impact, already near 96 HQ ceiling, very likely to seek 2027 Draft.",https://texaslonghorns.com/sports/football/roster/rasheem-biles/16941
texas|ryanwingo,Texas,Ryan Wingo,WR,JR,86,RISING,ESTABLISHED,credible existing college level or modal steady outlook; no guaranteed step forward,MODERATE,11,35,43,11,5,5,4,MEDIUM,UNCONFIRMED,,"Third-year Texas receiver, 2025 second-team All-SEC and current 2026 starter; meaningful improvement possible, not an automatic 2027 draft lock.",https://texaslonghorns.com/sports/football/roster/ryan-wingo/16938
texas|spencershannon,Texas,Spencer Shannon,TE,SR,77,RISING,ESTABLISHED,credible existing college level or modal steady outlook; no guaranteed step forward,LIMITED,11,33,40,16,5,5,5,MEDIUM,UNCONFIRMED,THIN_SAMPLE|UNCERTAIN_2027_ELIGIBILITY,"Texas 2026 senior blocking-oriented tight end, first entered college in 2023. Has played 32 games/five starts; 2025 13 games/three starts with minimal receiving production, then two first-four 2026 starts with short catches against Texas State, Ohio State and UTSA. Functional blocking experience but very limited receiving evidence despite physical size; no NFL-star status from class/school. Fourth year could allow return in 2027.",https://texaslonghorns.com/sports/football/roster/spencer-shannon/17023
texas|zinaumeozulu,Texas,Zina Umeozulu,Front Seven,JR,80,RISING,VOLATILE,injury / small-sample / role-transition context and high modeled spread,MODERATE,17,36,33,14,6,6,6,HIGH,UNCONFIRMED,UNCERTAIN_ROLE_OR_COMPETITION,"Texas junior edge redshirted 2024; as of early 2026 had only 17 career games/one start. Registered 2025 sacks against Michigan and 2026 TFL vs Tennessee, but currently limited starting sample and no demonstrated sustained rush production. Reasonable breakout potential if playing time increases with significant variance. 2024 entry makes 2027 NFL eligibility possible but declaration likelihood low.",https://texaslonghorns.com/sports/football/roster/zina-umeozulu/16969
texas-tech|ajholmesjr,Texas Tech,A.J. Holmes Jr.,Front Seven,5TH,91,STEADY,ESTABLISHED,credible existing college level or modal steady outlook; no guaranteed step forward,SUPPORTED,4,20,62,14,2,2,5,LOW,0,,"Texas Tech 2025 AP second-team All-American interior DL appeared in all 14 games, made final eight starts, logged 38 tackles, nine TFL, 4.5 sacks and 37 PFF pressures; ranked among the top run defenders. Official 2026 fifth-year roster and final collegiate season, so high NFL exit and little further grade-room rather than invented dominant growth.",https://texastech.com/sports/football/roster/aj-holmes-jr/14301
texas-tech|adamtrick,Texas Tech,Adam Trick,Front Seven,5TH,88,RISING,ESTABLISHED,credible existing college level or modal steady outlook; no guaranteed step forward,LIMITED,7,26,51,16,4,4,6,MEDIUM,0,THIN_SAMPLE|RISING_LABEL_OBSCURES_STEADY_MODE,"Miami Ohio 2025 first-team All-MAC edge after multi-year development; career 41 games/16 starts, 102 tackles, 18 TFL, 13 sacks, three forced fumbles. Texas Tech 2026 official fifth year and last college eligibility, Big12 transition presents both modest improvement and risk; do not equate MAC sack totals to tested Power4 elite consistency.",https://texastech.com/sports/football/roster/adam-trick/14374
texas-tech|austinromaine,Texas Tech,Austin Romaine,Front Seven,SR,90,RISING,ESTABLISHED,credible existing college level or modal steady outlook; no guaranteed step forward,SUPPORTED,5,24,57,14,3,3,5,LOW,UNCONFIRMED,RISING_LABEL_OBSCURES_STEADY_MODE|UNCERTAIN_2027_ELIGIBILITY,"Kansas State 2025 second-team All-Big12 linebacker, three-time all-conference player with 34 appearances/26 starts across 2023-25, moving to Texas Tech as 2026 senior. Demonstrated veteran P4 level, high likelihood of steady play and NFL interest, while school bio cites two eligibility seasons on transfer under 5-for-5 rule, so do not hard-code exhausted eligibility.",https://texastech.com/sports/football/roster/austin-romaine/14371
texas-tech|benroberts,Texas Tech,Ben Roberts,Front Seven,5TH,89,STEADY,ESTABLISHED,credible existing college level or modal steady outlook; no guaranteed step forward,SUPPORTED,3,20,63,14,2,2,5,LOW,0,,"Texas Tech 2025 fourteen-start linebacker with 90 tackles, four TFL and major Big12 Championship Game outstanding player award; 2023 Big12 Defensive Freshman of Year, at least 80 tackles for three seasons. Official 2026 fifth-year and final collegiate season. Mature upper-end talent has very little breakout runway, and game eligibility should force exit.",https://texastech.com/sports/football/roster/ben-roberts/14322
texas-tech|brendenjordan,Texas Tech,Brenden Jordan,Secondary,SR,82,RISING,ESTABLISHED,credible existing college level or modal steady outlook; no guaranteed step forward,SUPPORTED,7,27,51,15,4,4,5,LOW,UNCONFIRMED,RISING_LABEL_OBSCURES_STEADY_MODE|UNCERTAIN_2027_ELIGIBILITY,"Texas Tech 2025 senior predecessor started all 14 games at boundary safety, 59 tackles, two TFL, one interception and forced fumble; 2026 official senior returning after increase from prior 56 combined career tackles. Veteran secondary starter likely stable; slight new-role improvement possible but no giant leap.",https://texastech.com/sports/football/roster/brenden-jordan/14305
texas-tech|bricepollock,Texas Tech,Brice Pollock,Secondary,SR,91,STEADY,ESTABLISHED,credible existing college level or modal steady outlook; no guaranteed step forward,MODERATE,5,18,61,16,3,3,5,LOW,UNCONFIRMED,INJURY_CONTEXT|UNCERTAIN_2027_ELIGIBILITY,"Texas Tech senior corner: 2025 All-Big 12 first-team with five INT, eight PBUs and 48 tackles. Added two interceptions and four tackles in October 3 Colorado comeback. Proven ball skills and coverage suppress unrealistic breakthrough probability, with still meaningful 2027 draft risk.",https://texastech.com/sports/football/roster/brice-pollock/14318 | https://texastech.com/news/2026/10/3/football-postgame-notes-texas-tech-at-colorado
texas-tech|camerondickey,Texas Tech,Cameron Dickey,RB,JR,84,RISING,ESTABLISHED,credible existing college level or modal steady outlook; no guaranteed step forward,SUPPORTED,5,24,58,13,3,3,5,LOW,UNCONFIRMED,RISING_LABEL_OBSCURES_STEADY_MODE,"Texas Tech 2025 second-team All-Big12 and Doak Walker semifinalist RB rushed 209 times for 1,124 yards and 14 TD in 14 games/nine starts, forming a top duo with J'Koby Williams. Already proven near high college production ceiling as 2026 junior, with 2027 NFL Draft eligible and significant declaration risk.",https://texastech.com/sports/football/roster/cameron-dickey/14282
texas-tech|coyeakin,Texas Tech,Coy Eakin,WR,5TH,84,RISING,ESTABLISHED,credible existing college level or modal steady outlook; no guaranteed step forward,SUPPORTED,6,26,55,13,3,3,5,LOW,0,RISING_LABEL_OBSCURES_STEADY_MODE,"Texas Tech 2025 slot receiver started 12 of 14 contests, 48 catches/637 yards/six TD and 2025 Big12 title game offensive MVP, after 2024 600-yard performance. 2026 official fifth-year veteran, expected ordinary terminal college season and mature steady profile rather than automatic high breakout.",https://texastech.com/sports/football/roster/eakin-coy/14284
texas-tech|davinmartin,Texas Tech,Davin Martin,Secondary,SR,78,RISING,ASCENDING,sourced opportunity or demonstrated progression with sizeable improvement odds,SUPPORTED,12,34,41,13,5,5,5,MEDIUM,UNCONFIRMED,UNCERTAIN_2027_ELIGIBILITY,"UTSA 2025 CB played 11 games/eight starts for 26 tackles, one INT and two pass breakups, with zero coverage TDs on 33 targets per school bio. Texas Tech 2026 senior after three UTSA years, incoming P4 competition creates credible growth opportunity and coverage volatility; official bio cites two years eligibility, not a certain forced exit.",https://texastech.com/sports/football/roster/davin-martin/14367
texas-tech|jkobywilliams,Texas Tech,Jkoby Williams,RB,JR,88,RISING,ESTABLISHED,credible existing college level or modal steady outlook; no guaranteed step forward,SUPPORTED,6,28,53,13,3,3,5,LOW,UNCONFIRMED,RISING_LABEL_OBSCURES_STEADY_MODE,"Texas Tech 2025 junior predecessor all-around RB/returner had 868 rushing yards/six TD on 155 carries plus 388 receiving yards, 242 kick returns and 1,525 all-purpose yards across 14 games/six starts; AllBig12 returner and Paul Hornung finalist. With proven production in multiple phases by 2026 junior season, steady likely and 2027 NFL interest high.",https://texastech.com/sports/football/roster/jkoby-williams/14332
texas-tech|kennyjohnson,Texas Tech,Kenny Johnson,WR,SR,87,RISING,ESTABLISHED,credible existing college level or modal steady outlook; no guaranteed step forward,SUPPORTED,8,33,45,14,4,4,5,MEDIUM,UNCONFIRMED,RISING_LABEL_OBSCURES_STEADY_MODE|UNCERTAIN_2027_ELIGIBILITY,"Pitt 2025 all-ACC honorable mention receiver and 2023-25 return threat: 109 receptions/1,354 yards/nine TD and 2,664 all-purpose yards in 38 games/28 starts, with punt and kick return touchdowns. Texas Tech 2026 senior transfer has clear feature utility with Big12 transition; school notes two eligibility years remaining, so normal senior label alone must not force departure.",https://texastech.com/sports/football/roster/kenny-johnson/14362
texas-tech|malcolmsimmons,Texas Tech,Malcolm Simmons,WR,JR,81,RISING,ASCENDING,sourced opportunity or demonstrated progression with sizeable improvement odds,MODERATE,12,37,40,11,5,5,5,MEDIUM,UNCONFIRMED,UNCERTAIN_ROLE_OR_COMPETITION,"Auburn 2025 sophomore WR played all 12 games/three starts, caught 25 passes for 457 yards/two receiving TD and 42 rush yards/one rush TD, with consecutive final 140-plus receiving yard games; combined career 65 catches/908 yards. Texas Tech 2026 junior transfer with legit explosive flashes but inconsistent week-to-week volume; school projects additional years under 5-for-5.",https://texastech.com/sports/football/roster/malcolm-simmons/14372
texas-tech|malikesquerra,Texas Tech,Malik Esquerra,Secondary,JR,83,RISING,ASCENDING,sourced opportunity or demonstrated progression with sizeable improvement odds,SUPPORTED,17,39,32,12,6,6,5,HIGH,UNCONFIRMED,,"Texas Tech 2025 safety appeared all 14 games mostly reserve and special teams, just eight tackles in four games and no verified interceptions. 2024 redshirt appearance in two games. 2026 junior has growth opportunity but has not demonstrated consistent starter-level Big12 defensive production; moderate portal/playing-time risk.",https://texastech.com/sports/football/roster/malik-esquerra/14286
texas-tech|mateenibirogba,Texas Tech,Mateen Ibirogba,Front Seven,5TH,86,RISING,ESTABLISHED,credible existing college level or modal steady outlook; no guaranteed step forward,SUPPORTED,10,31,44,15,4,4,6,MEDIUM,0,RISING_LABEL_OBSCURES_STEADY_MODE,"Wake Forest 2025 starting DT played 12 games/21 tackles/3.5 TFL/two sacks; previously Georgetown first-team All-Patriot 2023. Career 37 games, 17.5 TFL/nine sacks, 79 PFF pressures. Official Texas Tech 2026 fifth-year and last eligibility, veteran interior rusher with competition-adjustment uncertainty and terminal-season exit.",https://texastech.com/sports/football/roster/mateen-ibirogba/14360
texas-tech|micahhudson,Texas Tech,Micah Hudson,WR,JR,78,RISING,VOLATILE,injury / small-sample / role-transition context and high modeled spread,MODERATE,15,38,31,16,6,6,6,HIGH,UNCONFIRMED,INJURY_CONTEXT,"Texas Tech 2025 sophomore reserve WR played 14 games mainly as kickoff returner, without verified full-time receiving star production; 2024 rookie in eight games/one start caught eight balls for 123 yards while battling injury. Highly recruited status is not a substitute for college tape. 2026 junior can rise with larger role but also has real underperformance/injury risk.",https://texastech.com/sports/football/roster/micah-hudson/14302
texas-tech|peytonmorgan,Texas Tech,Peyton Morgan,Secondary,JR,82,RISING,ASCENDING,sourced opportunity or demonstrated progression with sizeable improvement odds,SUPPORTED,17,38,32,13,5,5,5,MEDIUM,UNCONFIRMED,,"Texas Tech 2025 sophomore defensive backup safety played 12 of 14 games, 11 tackles/half TFL and three pass breakups after only spot action as true freshman. 2026 junior with legitimate opportunity for a larger Big12 role, but 2025 season didn't demonstrate full-time defensive impact.",https://texastech.com/sports/football/roster/peyton-morgan/14315
texas-tech|terrancecarterjr,Texas Tech,Terrance Carter Jr.,TE,5TH,92,RISING,PLATEAUING,documented established output + high steady probability / little further grade headroom,SUPPORTED,5,24,56,15,3,3,6,LOW,0,RISING_LABEL_OBSCURES_STEADY_MODE,"Texas Tech 2025 second-team All-Big12 TE started 12 of 13 appearances, 55 catches for 624 yards and five TD, among best Red Raider tight-end yardage since Jace Amaro. 2026 official fifth-year receiving TE, already high demonstrated offensive value and likely draft declaration/eligibility completion, so steady more likely than big improvement.",https://texastech.com/sports/football/roster/terrance-carter-jr-/14275
texas-tech|treywhite,Texas Tech,Trey White,Front Seven,5TH,90,RISING,ESTABLISHED,credible existing college level or modal steady outlook; no guaranteed step forward,LIMITED,5,25,55,15,3,3,5,LOW,0,THIN_SAMPLE|RISING_LABEL_OBSCURES_STEADY_MODE,"San Diego State 2025 first-team All-Mountain West edge started all 13 games with 53 tackles, 10.5 TFL and seven sacks, after 2024 first-team All-MW, 31 career TFL and 19.5 sacks. Texas Tech 2026 official fifth-year final season; high proven rush skill, meaningful Power4 transfer translation, and normal forced departure.",https://texastech.com/sports/football/roster/trey-white/14375
texas-tech|willhammond,Texas Tech,Will Hammond,QB,JR,78,RISING,ESTABLISHED,credible existing college level or modal steady outlook; no guaranteed step forward,MODERATE,10,36,42,12,5,5,5,MEDIUM,UNCONFIRMED,INJURY_CONTEXT,"Texas Tech 2026 JUNIOR QB played eight games/two starts in 2025 behind Behren Morton before knee injury, completing 69 of 109 passes (63.3%) for 680 yards/seven TD/three INT and rushing 43 times for 299 yards/five TD. Already demonstrated legitimate dual-threat flashes; knee recovery and new starting workload create both improvement and inconsistency possibilities. First matriculated 2024, 2027 NFL entry possible not guaranteed.",https://texastech.com/sports/football/roster/hammond-will/14292
ucla|amierwashington,UCLA,Amier Washington,Front Seven,SR,82,RISING,ASCENDING,sourced opportunity or demonstrated progression with sizeable improvement odds,SUPPORTED,13,35,37,15,5,5,5,MEDIUM,UNCONFIRMED,UNCERTAIN_2027_ELIGIBILITY,"Texas Tech 2025 rotational DT appeared in 12 games with just seven tackles, after 2024 three OLB starts and ten tackles. Across 2023-25 had 26 games, 21 tackles, six TFL and 2.5 sacks; 2023 redshirt and 2026 transfer to UCLA. Starting opportunity upside from reserve background, but do not treat earlier high-school statistics as proven FBS impact.",https://uclabruins.com/sports/football/roster/player/amier-washington
ucla|anthonywoods,UCLA,Anthony Woods,RB,5TH,84,RISING,VOLATILE,injury / small-sample / role-transition context and high modeled spread,MODERATE,10,34,39,17,5,5,6,HIGH,0,INJURY_CONTEXT|UNCERTAIN_ROLE_OR_COMPETITION,"UCLA 2025 RB had 63 carries for 294 yards plus 24 receptions for 211 yards and two receiving TD, following 2024 Utah redshirt. At Idaho in 2023 had 1,155 rushing yards and 16 TD after 880 in 2022. Official 2026 fifth-year veteran; earlier FCS impact plus recent Power-4 limited role creates upside and role/injury risk, model ordinary eligibility exhaustion after 2026.",https://uclabruins.com/sports/football/roster/player/anthony-woods
ucla|brianrowejr,UCLA,Brian Rowe Jr.,WR,SO,82,RISING,ASCENDING,sourced opportunity or demonstrated progression with sizeable improvement odds,SUPPORTED,17,41,31,11,6,6,5,HIGH,UNCONFIRMED,,South Carolina 2025 true-freshman receiver played 11 games with four starts and caught 19 passes for 149 yards and one TD. Official 2026 UCLA sophomore transfer; limited SEC volume but meaningful first-year experience. First college enrollment 2025 means 2027 NFL draft is not yet available under three-years-removed rule.,https://uclabruins.com/sports/football/roster/player/brian-rowe-jr
ucla|derrickbarksdale,UCLA,Derrick Barksdale,Secondary,SR,82,RISING,ESTABLISHED,credible existing college level or modal steady outlook; no guaranteed step forward,SUPPORTED,7,27,53,13,4,4,5,LOW,UNCONFIRMED,RISING_LABEL_OBSCURES_STEADY_MODE|UNCERTAIN_2027_ELIGIBILITY,"James Madison 2025 14-start DB had 36 tackles, three TFL, two INT and 12 pass breakups, making third-team All-Sun Belt; 2024 had 42 tackles and two INT. UCLA official 2026 senior transfer. Established production suggests steady profile with some P4 transition risk, rather than inflated breakout expectation.",https://uclabruins.com/sports/football/roster/player/dj-barksdale
ucla|jalenwoods,UCLA,Jalen Woods,Front Seven,5TH,77,RISING,ESTABLISHED,credible existing college level or modal steady outlook; no guaranteed step forward,SUPPORTED,9,28,47,16,4,4,6,MEDIUM,0,RISING_LABEL_OBSCURES_STEADY_MODE,"UCLA linebacker played 12 games with three starts in 2025, producing 47 tackles, 4.5 TFL and 1.5 sacks, with college participation dating to 2022. 2026 official 5th-year status gives an experienced but not clearly elite role profile; ordinary terminal eligibility modeled without suggesting waiver status certified.",https://uclabruins.com/sports/football/roster/player/jalen-woods
ucla|joshphifer,UCLA,Josh Phifer,TE,SR,79,RISING,ASCENDING,sourced opportunity or demonstrated progression with sizeable improvement odds,SUPPORTED,15,40,32,13,5,5,5,MEDIUM,UNCONFIRMED,UNCERTAIN_2027_ELIGIBILITY,James Madison TE 2025 redshirt sophomore played 12 games with four catches for 40 yards and one touchdown; 2024 played ten games/three starts with two catches/41 yards and TD. Through three seasons 27 appearances but just six catches/81 yards; UCLA 2026 official senior transfer projects more available TE role than proven receiver production.,https://uclabruins.com/sports/football/roster/season/2026/player/joshua-phifer
ucla|landonellis,UCLA,Landon Ellis,WR,SR,78,RISING,ESTABLISHED,credible existing college level or modal steady outlook; no guaranteed step forward,MODERATE,8,29,48,15,4,4,5,MEDIUM,UNCONFIRMED,UNCERTAIN_ROLE_OR_COMPETITION|RISING_LABEL_OBSCURES_STEADY_MODE|UNCERTAIN_2027_ELIGIBILITY,"James Madison 2025 wideout started 11 of 13 games, caught 36 balls for 624 yards and five TD and earned third-team All-Sun Belt. Prior Richmond 2024 50 catches/588 yards/four TD, 2023 20/214. UCLA 2026 senior transfer with substantial FCS/G5 tape, moderate Big Ten transition volatility.",https://uclabruins.com/sports/football/roster/player/landon-ellis
ucla|malikhartford,UCLA,Malik Hartford,Secondary,SR,82,RISING,ASCENDING,sourced opportunity or demonstrated progression with sizeable improvement odds,SUPPORTED,17,36,31,16,6,6,6,HIGH,UNCONFIRMED,UNCERTAIN_2027_ELIGIBILITY,"Ohio State 2025 safety appeared in only four games/two tackles then redshirted, after 2024 reserve participation. Career 27 appearances/two starts, 20 tackles and three pass breakups before moving to UCLA 2026 senior. New defensive opportunity could yield improvement but lack of sustained recent starts makes breakout uncertain.",https://uclabruins.com/sports/football/roster/player/malik-hartford
ucla|nicoiamaleava,UCLA,Nico Iamaleava,QB,SR,83,RISING,ESTABLISHED,credible existing college level or modal steady outlook; no guaranteed step forward,MODERATE,8,30,44,18,5,5,6,MEDIUM,UNCONFIRMED,UNCERTAIN_ROLE_OR_COMPETITION|RISING_LABEL_OBSCURES_STEADY_MODE|UNCERTAIN_2027_ELIGIBILITY,"UCLA 2026 SENIOR QB played 29 college games/25 starts through Tennessee and UCLA across 2023–25. In 2025 as UCLA starter: 208-of-323 passes for 1,928 yards/13 TD/seven INT plus team-leading 505 rushing yards/four rush TD. His October 2025 upset of No. 7 Penn State featured three rushing/two passing TD and national weekly honors, but broader 2025 passing efficiency/turnovers were inconsistent. Genuine dual-threat and rebound upside with senior role risk; 2023 entry permits 2027 NFL decision.",https://uclabruins.com/sports/football/roster/player/nico-iamaleava
ucla|rodrickpleasant,UCLA,Rodrick Pleasant,Secondary,SR,82,RISING,ESTABLISHED,credible existing college level or modal steady outlook; no guaranteed step forward,MODERATE,8,32,46,14,4,4,5,MEDIUM,UNCONFIRMED,INJURY_CONTEXT|RISING_LABEL_OBSCURES_STEADY_MODE|UNCERTAIN_2027_ELIGIBILITY,"UCLA 2025 corner started ten games before missing the final two with injury, with 36 tackles and seven pass breakups and honorable mention All-Big Ten. Prior Oregon career included reserve coverage. 2026 senior proven Big Ten starter, steady odds outweigh giant leap, while injury-related decline remains plausible.",https://uclabruins.com/sports/football/roster/player/rodrick-pleasant
ucla|sahirwest,UCLA,Sahir West,Front Seven,JR,84,RISING,ESTABLISHED,credible existing college level or modal steady outlook; no guaranteed step forward,SUPPORTED,8,31,50,11,4,4,5,MEDIUM,UNCONFIRMED,RISING_LABEL_OBSCURES_STEADY_MODE,"James Madison 2025 redshirt freshman DE started 14 games with 45 tackles, 14 TFL and seven sacks, earning Sun Belt Freshman of Year, second-team All-Sun Belt and Freshman All-America notice. 2026 UCLA junior transfer, college matriculation 2024 and demonstrated disruptive production mean 2027 NFL eligibility plausible. Forecast keeps near-peak ability steady rather than automatic leap.",https://uclabruins.com/sports/football/roster/player/sahir-west
ucla|sammyomosigho,UCLA,Sammy Omosigho,Front Seven,SR,89,RISING,ESTABLISHED,credible existing college level or modal steady outlook; no guaranteed step forward,SUPPORTED,11,32,42,15,5,5,5,MEDIUM,UNCONFIRMED,UNCERTAIN_2027_ELIGIBILITY,"Oklahoma 2025 linebacker played 13 games and posted 50 tackles, 4.5 TFL, two sacks and three PBUs after 2024 39 tackles and three starts. UCLA 2026 senior transfer brings legitimate SEC-impact rotation tape with opportunity for more consistent starts, plus new-scheme variance.",https://uclabruins.com/sports/football/roster/player/sammy-omosigho
ucla|scooterjackson,UCLA,Scooter Jackson,Secondary,SR,76,RISING,ESTABLISHED,credible existing college level or modal steady outlook; no guaranteed step forward,SUPPORTED,9,31,47,13,4,4,5,MEDIUM,UNCONFIRMED,RISING_LABEL_OBSCURES_STEADY_MODE|UNCERTAIN_2027_ELIGIBILITY,"UCLA 2025 nickel/safety appeared in 12 games with eight starts, 44 tackles, two interceptions and three pass breakups. Previous Utah Tech career included 55 tackles in 2023-24; 2026 senior has a demonstrable Big Ten starting base, with steady or moderate improvement more likely than huge breakthrough.",https://uclabruins.com/sports/football/roster/player/scooter-jackson
ucla|scotttaylor,UCLA,Scott Taylor,Front Seven,SO,78,HIGH UPSIDE,EMERGING,early college career + individually modeled development runway,SUPPORTED,20,40,30,10,6,6,5,HIGH,UNCONFIRMED,,"UCLA 2025 true-freshman LB appeared in 12 games largely as reserve and on special teams, 12 tackles, one forced fumble and a blocked field goal. 2026 UCLA sophomore offers a genuine young defensive role-growth opportunity without proven full-season starting production. First 2025 college enrollment disallows a 2027 draft declaration.",https://uclabruins.com/sports/football/roster/player/scott-taylor
ucla|semajmorgan,UCLA,Semaj Morgan,WR,SR,83,RISING,ASCENDING,sourced opportunity or demonstrated progression with sizeable improvement odds,SUPPORTED,12,33,36,19,5,5,6,HIGH,UNCONFIRMED,UNCERTAIN_2027_ELIGIBILITY,"Michigan 2025 receiver played 11 games/three starts with 20 catches for 223 yards and one TD; 2023 national title team and punt-return experience. 2026 UCLA senior transfer could rediscover early-career explosiveness in a different target environment, but recent volume does not support treating him as an elite receiver.",https://uclabruins.com/sports/football/roster/player/semaj-morgan
ucla|tashawnjames,UCLA,Ta'Shawn James,Secondary,SR,88,RISING,VOLATILE,injury / small-sample / role-transition context and high modeled spread,MODERATE,13,33,35,19,5,5,7,HIGH,UNCONFIRMED,INJURY_CONTEXT|UNCERTAIN_2027_ELIGIBILITY,"Iowa State 2025 DB made six starts in eight games before October season-ending injury; 33 tackles and five pass breakups, after 2024 14 games/41 tackles. UCLA 2026 senior transfer is injury-return case with proven Power-4 ability but uncertain durability and resumed full role.",https://uclabruins.com/sports/football/roster/player/tashawn-james
ucla|tysonford,UCLA,Tyson Ford,Front Seven,5TH,80,HIGH UPSIDE,ASCENDING,sourced opportunity or demonstrated progression with sizeable improvement odds,SUPPORTED,18,36,27,19,6,6,6,HIGH,0,,"2025 California rotational DL had just seven games and three tackles; 2023 Notre Dame two games with one assisted tackle and 2024 no action. First enrolled Notre Dame January 2022 and redshirted. UCLA explicitly lists fifth-year in 2026, so ordinary final-season treatment with high role-growth upside and little proven FBS disruption despite past prep pedigree.",https://uclabruins.com/sports/football/roster/player/tyson-ford
ucla|wayneknight,UCLA,Wayne Knight,RB,5TH,95,RISING,ESTABLISHED,credible existing college level or modal steady outlook; no guaranteed step forward,SUPPORTED,6,25,54,15,3,3,6,MEDIUM,0,RISING_LABEL_OBSCURES_STEADY_MODE,"James Madison 2025 second-team All-American RB ran for 1,373 yards and nine TD on 207 carries, plus 40 receptions for 397 yards and one TD (2,039 all-purpose yards); 2026 UCLA official fifth-year. Top G5 production established, so major breakout less likely than steady outcome, with Big Ten competition and workload adjustment as downside. College first participation 2022 means ordinary eligibility exhaustion modeled.",https://uclabruins.com/sports/football/roster/player/wayne-knight
usc|alexgraham,USC,Alex Graham,Secondary,FR,80,HIGH UPSIDE,EMERGING,early college career + individually modeled development runway,MODERATE,19,40,31,10,6,6,5,HIGH,UNCONFIRMED,INJURY_CONTEXT,"USC 2025 true freshman safety/corner had just five appearances, two starts including UCLA and the Alamo Bowl, and 15 tackles/two TFL; missed early games due to injury. Official 2026 redshirt freshman who entered college spring 2025. No 2027 NFL declaration eligibility; strong role-growth opportunity but tiny college sample and injury risk.",https://usctrojans.com/sports/football/roster/alex-graham/18817
usc|braylanshelby,USC,Braylan Shelby,Front Seven,SR,80,RISING,ESTABLISHED,credible existing college level or modal steady outlook; no guaranteed step forward,SUPPORTED,7,29,50,14,4,4,5,MEDIUM,UNCONFIRMED,RISING_LABEL_OBSCURES_STEADY_MODE|UNCERTAIN_2027_ELIGIBILITY,"USC 2025 junior DE logged 29 tackles, seven TFL, 4.5 sacks and one interception in 13 games/six starts; 2024 had 28 tackles/five TFL/three sacks. 2026 senior with 37 career appearances and 9.5 sacks across years, established rotational/partial-starter impact, more likely steady than huge breakout.",https://usctrojans.com/sports/football/roster/braylan-shelby/18761
usc|chasenjohnson,USC,Chasen Johnson,Secondary,SO,76,RISING,VOLATILE,injury / small-sample / role-transition context and high modeled spread,MODERATE,15,33,29,23,6,6,7,HIGH,UNCONFIRMED,INJURY_CONTEXT,"UCF 2024 freshman corner appeared in 12 games/four starts with 18 tackles/two breakups; at USC 2025 played two games/one tackle before season-ending Purdue injury. 2026 USC redshirt sophomore needs injury rebound and larger role; first college entry 2024 means 2027 NFL possible, but minimal 2025 verified production.",https://usctrojans.com/sports/football/roster/chasen-johnson/18827
usc|christianpierce,USC,Christian Pierce,Secondary,SR,86,RISING,ESTABLISHED,credible existing college level or modal steady outlook; no guaranteed step forward,SUPPORTED,7,26,54,13,4,4,5,LOW,UNCONFIRMED,RISING_LABEL_OBSCURES_STEADY_MODE|UNCERTAIN_2027_ELIGIBILITY,"USC 2025 full-time safety started nine of 13 games and produced 64 tackles, 2.5 TFL, three PBU, one interception and forced fumble, versus only 15 tackles across first two years. 2026 senior with demonstrated Big Ten role; most likely steady, not guaranteed pro declaration.",https://usctrojans.com/sports/football/roster/christian-pierce/18850
usc|desmanstephensii,USC,Desman Stephens II,Front Seven,JR,78,RISING,ESTABLISHED,credible existing college level or modal steady outlook; no guaranteed step forward,SUPPORTED,9,31,49,11,4,4,5,LOW,UNCONFIRMED,RISING_LABEL_OBSCURES_STEADY_MODE,"USC 2025 sophomore LB started all 13 games and led team with 89 tackles, 3 TFL, one forced fumble, including 17 tackles vs Oregon. 2024 13 games and 13 tackles. 2026 junior already a proven major-conference regular, modest incremental gain and solid 2027 draft candidacy rather than artificial sophomore breakout.",https://usctrojans.com/sports/football/roster/desman-stephens-ii/18764
usc|devenbryant,USC,Deven Bryant,Front Seven,JR,80,RISING,ESTABLISHED,credible existing college level or modal steady outlook; no guaranteed step forward,SUPPORTED,10,35,42,13,5,5,5,MEDIUM,UNCONFIRMED,,"Washington 2025 linebacker started ten of 12 games with 62 tackles, two TFL and two PBUs. Across 2023-25 24 appearances/ten starts and 69 tackles, then transferred to USC 2026 redshirt junior. Meaningful Big Ten starter base and scheme adjustment, moderate improvement path with role competition.",https://usctrojans.com/sports/football/roster/devan-bryant/18799
usc|jaydenmaiava,USC,Jayden Maiava,QB,SR,92,STEADY,PLATEAUING,documented established output + high steady probability / little further grade headroom,MODERATE,4,19,62,15,3,3,5,LOW,UNCONFIRMED,INJURY_CONTEXT|UNCERTAIN_2027_ELIGIBILITY,"USC 2026 redshirt SENIOR QB and returning starter threw 265-of-403 (65.8%) for 3,711 yards/24 TD/10 INT in all 13 2025 starts, ran for six TD and led the nation in ESPN QBR at 91.2 according to USC, earning third-team All-Big Ten. Repeat upper-tier Power Four efficiency is likelier than giant 2027 new breakout. 2023 first college entry, high 2027 pro-declaration estimate but senior label not proof of graduation.",https://usctrojans.com/sports/football/roster/jayden-maiava/18836
usc|jontezwilliams,USC,Jontez Williams,Secondary,SR,89,RISING,VOLATILE,injury / small-sample / role-transition context and high modeled spread,MODERATE,8,28,43,21,4,4,7,HIGH,0,INJURY_CONTEXT|RISING_LABEL_OBSCURES_STEADY_MODE,"Iowa State 2024 all-Big12 second-team CB had 46 tackles, four interceptions and five PBU in 14 games/12 starts; 2025 opening five starts 15 tackles/one INT before season-ending knee injury. Transferred to USC for 2026 official redshirt senior, previously redshirted 2022. Injury-return top corner but volatility remains high; ordinary 2026 final year modeled.",https://usctrojans.com/sports/football/roster/jontez-williams/18783
usc|kameryncrawford,USC,Kameryn Crawford,Front Seven,JR,82,RISING,ESTABLISHED,credible existing college level or modal steady outlook; no guaranteed step forward,SUPPORTED,7,29,52,12,4,4,5,LOW,UNCONFIRMED,RISING_LABEL_OBSCURES_STEADY_MODE,"USC 2025 starting defensive end recorded 41 tackles, 10.5 TFL and 5.5 sacks in 13 games/eight starts; 2024 19 tackles/two TFL in eight games/four starts. 2026 junior with consistent impact and 15 career TFL across two seasons, growth bounded with high plausible NFL interest.",https://usctrojans.com/sports/football/roster/kameryn-crawford/18805
usc|kaydendixonwyatt,USC,Kayden Dixon-Wyatt,WR,FR,87,HIGH UPSIDE,EMERGING,early college career + individually modeled development runway,LIMITED,24,44,25,7,8,8,4,HIGH,UNCONFIRMED,UNCERTAIN_ROLE_OR_COMPETITION|THIN_SAMPLE,"Official USC 2026 true freshman wide receiver enrolled spring 2026 from Mater Dei with no verified college 2025 production. High-school receiving résumé and recruiting grade are not proof of present college dominance. Modeling larger potential gains with big uncertainty, and 2027 draft ineligible after first 2026 matriculation.",https://usctrojans.com/sports/football/roster/kayden-dixonwyatt/18706
usc|kingmiller,USC,King Miller,RB,SO,91,RISING,ESTABLISHED,credible existing college level or modal steady outlook; no guaranteed step forward,SUPPORTED,7,28,52,13,4,4,5,MEDIUM,UNCONFIRMED,YOUNG_ALREADY_HIGH_GRADE|RISING_LABEL_OBSCURES_STEADY_MODE,"USC 2025 redshirt freshman running back rushed 156 times for 972 yards and eight TD (6.2 YPC), seven starts in 13 appearances; earned All-Big Ten honorable mention and Freshman All-American second-team recognition after walk-on breakthrough. 2026 redshirt sophomore enrolled in 2024, making 2027 NFL possible; demonstrated feature value makes steady/improve likelier than huge breakout.",https://usctrojans.com/sports/football/roster/king-miller/18739
usc|lukewafle,USC,Luke Wafle,Front Seven,FR,85,HIGH UPSIDE,EMERGING,early college career + individually modeled development runway,LIMITED,23,42,28,7,8,8,4,HIGH,UNCONFIRMED,UNCERTAIN_ROLE_OR_COMPETITION|THIN_SAMPLE,"USC official 2026 true freshman DE enrolled January/spring 2026 from the Hun School of Princeton, with no verified college season statistics. High-school 2024 53 tackles, 18 TFL/eight sacks demonstrate prep pedigree only; large uncertain college projection and 2027 NFL Draft not permitted.",https://usctrojans.com/sports/football/roster/luke-wafle/18879
usc|markbowman,USC,Mark Bowman,TE,FR,87,HIGH UPSIDE,EMERGING,early college career + individually modeled development runway,LIMITED,22,40,25,13,8,8,5,HIGH,UNCONFIRMED,THIN_SAMPLE|SEPARATE_HQ_GRADE_REVIEW_FLAG,USC true freshman tight end reclassified from high school in spring 2026; no established multi-season college performance. Outstanding high-school profile and early opportunity support speculative improvement but not a proven 87-level collegiate résumé. Draft timing modeled no earlier than 2029; separate HQ grade review flag recommended.,https://usctrojans.com/sports/football/roster/mark-bowman/18796 | https://usctrojans.com/news/2026/3/4/2026-usc-trojans-football-spring-outlook-the-time-is-now-lincoln-riley-gary-patterson-jayden-maiava
usc|prophetbrown,USC,Prophet Brown,Secondary,SR,82,RISING,VOLATILE,injury / small-sample / role-transition context and high modeled spread,MODERATE,12,30,30,28,5,5,8,HIGH,0,INJURY_CONTEXT,USC 2026 redshirt senior safety missed all of 2025 following fall-camp season-ending injury. Across five prior college years recorded only 31 tackles and two PBUs in 39 games/one start (2024 11 tackles in 13 appearances); injury comeback offers role upside but very high downside and ordinary final year 2026.,https://usctrojans.com/sports/football/roster/prophet-brown/18798
usc|tanookhines,USC,Tanook Hines,WR,SO,80,RISING,ASCENDING,sourced opportunity or demonstrated progression with sizeable improvement odds,SUPPORTED,13,39,37,11,5,5,5,MEDIUM,UNCONFIRMED,,"USC 2025 true-freshman receiver had 34 receptions for 561 yards and two TD in 13 games/eight starts, including six catches/141 yards vs Oregon and six/163 in Alamo Bowl vs TCU. 2026 sophomore with established deep-target flashes, meaningful improvement runway, but first enrolled 2025 and ineligible to enter 2027 draft.",https://usctrojans.com/sports/football/roster/tanook-hines/18716
usc|trentmosley,USC,Trent Mosley,WR,FR,86,HIGH UPSIDE,EMERGING,early college career + individually modeled development runway,LIMITED,23,44,25,8,7,7,4,HIGH,UNCONFIRMED,UNCERTAIN_ROLE_OR_COMPETITION|THIN_SAMPLE,"USC 2026 official freshman receiver enrolled spring 2026 after finishing high school early, with no verified college-game statistics as of biography. Four-star recruit and past high-school rushing/receiving production are projection inputs only; big uncertainty and 2027 draft ineligible.",https://usctrojans.com/sports/football/roster/trent-mosley/18843
usc|waymondjordan,USC,Waymond Jordan,RB,SR,83,RISING,VOLATILE,injury / small-sample / role-transition context and high modeled spread,MODERATE,9,31,37,23,5,5,8,HIGH,0,INJURY_CONTEXT,"USC 2025 RB rushed 88 times for 576 yards/five TD (6.5 per carry) in only six games before season-ending Michigan injury; productive Hutchinson CC background including 1,000-yard season. Official 2026 redshirt senior first enrolled 2022, modeled terminal season. Strong explosiveness meets genuine injury durability risk; avoid projecting inevitable breakout.",https://usctrojans.com/sports/football/roster/waymond-jordan/18728
usc|zacharyuswilliams,USC,Zacharyus Williams,WR,SO,78,HIGH UPSIDE,VOLATILE,injury / small-sample / role-transition context and high modeled spread,MODERATE,18,36,31,15,5,5,6,HIGH,UNCONFIRMED,INJURY_CONTEXT|UNCERTAIN_ROLE_OR_COMPETITION,"USC 2025 receiver played only five games/one start due to Georgia Southern injury and caught three passes for 80 yards; at Utah in 2024 freshman season had ten catches for 101 yards in ten games. 2026 redshirt sophomore, first 2024 college enrollment makes 2027 NFL legally possible but career target volume tiny, so development volatile.",https://usctrojans.com/sports/football/roster/zacharyus-williams/18888
utah|alexcloward,Utah,Alex Cloward,Front Seven,FR,77,HIGH UPSIDE,EMERGING,early college career + individually modeled development runway,SUPPORTED,18,40,31,11,6,6,5,HIGH,UNCONFIRMED,,"Utah official 2026 roster lists FR, but individual bio describes 2024 no action, 2025 three reserve games and lists him SO: conflicting class metadata must remain flagged. No verified 2025 defensive statistics; 2026 first four reserve appearances. College matriculation in 2024 can make 2027 draft legally possible despite 2026 FR roster label. Young developmental edge, limited production and high uncertainty.",https://utahutes.com/sports/football/roster/alex-cloward/16567
utah|bradenpegan,Utah,Braden Pegan,WR,SR,88,RISING,ESTABLISHED,credible existing college level or modal steady outlook; no guaranteed step forward,LIMITED,7,26,54,13,3,3,5,LOW,0,THIN_SAMPLE|RISING_LABEL_OBSCURES_STEADY_MODE,"2025 Utah State first-team All-Mountain West receiver with 60 catches, 926 yards and five TD in 12 games/11 starts. Utah 2026 four starts with 17 catches, 264 yards and four TD, 2026 Biletnikoff watch list. Former UCLA player from 2022-24 (redshirt 2024). Proven upper-tier volume, with restrained further gains and 2026 final-year model (not certified).",https://utahutes.com/sports/football/roster/braden-pegan/17660
utah|creedwhittemore,Utah,Creed Whittemore,WR,SR,82,RISING,ASCENDING,sourced opportunity or demonstrated progression with sizeable improvement odds,SUPPORTED,12,34,39,15,4,4,5,MEDIUM,UNCONFIRMED,UNCERTAIN_2027_ELIGIBILITY,"Utah 2025 reserve/special-teams WR played nine games and caught 12 passes for 92 yards and one TD, after 2023-24 Mississippi State career total 15 catches/167 yards. Through four 2026 games has eight catches/131 yards as reserve. Healthy role expansion possible but prior FBS volume remains modest; senior class does not certify absence of remaining eligibility.",https://utahutes.com/sports/football/roster/creed-whittemore/17590
utah|danielbray,Utah,Daniel Bray,RB,SO,77,HIGH UPSIDE,EMERGING,early college career + individually modeled development runway,SUPPORTED,19,41,30,10,6,6,5,HIGH,UNCONFIRMED,,"Utah 2025 true freshman played nine games, rushing 40 times for 272 yards/one TD (6.8 yards per carry) including 121 yards at BYU. In four 2026 games recorded 13 carries for 100 yards and a TD plus nine catches/57 yards. Dynamic efficiency in limited carries creates upside but small workload and competition risk; first enrolled 2025, 2027 NFL ineligible.",https://utahutes.com/sports/football/roster/daniel-bray/17497
utah|devondampier,Utah,Devon Dampier,QB,SR,90,STEADY,ESTABLISHED,credible existing college level or modal steady outlook; no guaranteed step forward,SUPPORTED,5,22,57,16,3,3,5,LOW,UNCONFIRMED,UNCERTAIN_2027_ELIGIBILITY,"Utah 2026 SENIOR QB/team captain won 2025 Big 12 Offensive Newcomer of the Year as dual threat, starting 12 games and throwing for 2,490 yards/24 passing TD plus rushing for 835 yards/10 rushing scores. Earlier 2024 New Mexico first-team All-Mountain West 2,768 passing/1,166 rushing yards. Proven two-team high-level rushing offense supports steady performance and high professional declaration probability, rather than inflated new upside from school brand.",https://utahutes.com/sports/football/roster/devon-dampier/17509
utah|elijahdavis,Utah,Elijah Davis,Secondary,5TH,84,RISING,ESTABLISHED,credible existing college level or modal steady outlook; no guaranteed step forward,SUPPORTED,5,21,61,13,3,3,5,LOW,0,RISING_LABEL_OBSCURES_STEADY_MODE,"Utah 2025 played all 13 games with 11 starts, 34 tackles/two INT returned for 65- and 97-yard pick-sixes, 2025 FBS top-three 162 interception return yards. Started first four 2026 with nine tackles and four pass breakups. Official 2026 fifth-year CB, reliable veteran with limited breakout headroom, modeled terminal college season subject to eligibility exceptions.",https://utahutes.com/sports/football/roster/elijah-davis/17511
utah|elijahelliss,Utah,Elijah Elliss,Front Seven,JR,85,RISING,ASCENDING,sourced opportunity or demonstrated progression with sizeable improvement odds,SUPPORTED,15,41,34,10,5,5,5,MEDIUM,UNCONFIRMED,,"Utah 2025 defensive reserve appeared in 13 games and made 18 tackles, three TFL and two sacks. Earned three starts in opening four 2026 games, 20 tackles, three TFL and two sacks; seven tackles and sack at Iowa State. Genuine step into starting linebacker production after 2024 special teams, but partial-season breakout remains unproven at full-season level.",https://utahutes.com/sports/football/roster/elijah-elliss/17516
utah|elijahreed,Utah,Elijah Reed,Secondary,SR,78,RISING,ESTABLISHED,credible existing college level or modal steady outlook; no guaranteed step forward,SUPPORTED,8,29,48,15,4,4,5,LOW,0,RISING_LABEL_OBSCURES_STEADY_MODE,"Akron 2025 played 12 games/12 starts as CB with 47 tackles, two TFL, one sack, forced fumble, two interceptions and four defended passes, after 2024 six starts/32 tackles. Utah 2026 first four games with nine tackles and four PBU (three vs Arkansas); began college at Kentucky in 2022 and redshirted. Veteran higher-level-transfer step creates some uncertainty, modeled ordinary final year.",https://utahutes.com/sports/football/roster/elijah-reed/17661
utah|ethanday,Utah,Ethan Day,Front Seven,JR,80,RISING,ESTABLISHED,credible existing college level or modal steady outlook; no guaranteed step forward,SUPPORTED,10,33,43,14,4,4,5,MEDIUM,UNCONFIRMED,RISING_LABEL_OBSCURES_STEADY_MODE,"North Texas 2025 DE started all 13 games with 48 tackles, seven TFL, 4.5 sacks; previously Wyoming in 2023-24 and Modesto Community College in 2022. Utah 2026 three starts in four games with early tackles/PBU. Established group-of-five production, higher-level pass-rush translation uncertain; career began 2022, draft timing eligible.",https://utahutes.com/sports/football/roster/ethan-day/17656
utah|jacksonbennee,Utah,Jackson Bennee,Secondary,JR,86,RISING,ESTABLISHED,credible existing college level or modal steady outlook; no guaranteed step forward,SUPPORTED,7,27,56,10,3,3,5,LOW,UNCONFIRMED,RISING_LABEL_OBSCURES_STEADY_MODE,"Utah 2025 All-Big12 honorable mention safety and Burlsworth nominee: 64 tackles, four TFL, four interceptions/103 return yards in 13 games/11 starts and two blocked kicks. Started first four 2026 with 13 tackles, three PBU and two INT; high demonstrated ball production creates steady profile, only bounded incremental development.",https://utahutes.com/sports/football/roster/jackson-bennee/17492
utah|lanceholtzclaw,Utah,Lance Holtzclaw,Front Seven,5TH,82,RISING,ESTABLISHED,credible existing college level or modal steady outlook; no guaranteed step forward,SUPPORTED,8,28,48,16,4,4,5,MEDIUM,0,RISING_LABEL_OBSCURES_STEADY_MODE,"Utah 2025 edge played all 13 games/one start with 26 tackles, four TFL, 1.5 sacks and three PBU. Opened 2026 with three starts/four games, 11 tackles and two PBU. Prior Washington transfer, officially fifth year in 2026, starter role offers measured upside but limited previous pass rush production and ordinary terminal-year model.",https://utahutes.com/sports/football/roster/lance-holtzclaw/17534
utah|nateritchie,Utah,Nate Ritchie,Secondary,SR,84,RISING,VOLATILE,injury / small-sample / role-transition context and high modeled spread,LIMITED,12,34,36,18,5,5,6,HIGH,UNCONFIRMED,INJURY_CONTEXT|THIN_SAMPLE|UNCERTAIN_2027_ELIGIBILITY,"Utah 2025 started first five games at safety before injury, contributing 25 tackles, 3.5 TFL and one PBU. Returned to all four opening 2026 games/two starts, 19 tackles and 2.5 TFL. Defensive role recovery carries upside and injury risk, not a full uninterrupted 2025 track record.",https://utahutes.com/sports/football/roster/nate-ritchie/17570
utah|noahbennee,Utah,Noah Bennee,TE,SR,85,RISING,ASCENDING,sourced opportunity or demonstrated progression with sizeable improvement odds,SUPPORTED,14,39,37,10,5,5,5,MEDIUM,0,,"Utah tight end returned from Weber State, where 2025 11 games yielded 23 catches and 264 yards after 2024 six for 44/TD; 2026 four games yielded seven catches for 166 yards/two TD including 113 yards vs Arkansas. College began with Utah 2021-23; senior designation and six calendar years suggest ordinary 2026 terminal model, but unusual eligibility may exist.",https://utahutes.com/sports/football/roster/noah-bennee/17654
utah|paulfitzgerald,Utah,Paul Fitzgerald,Front Seven,5TH,79,RISING,VOLATILE,injury / small-sample / role-transition context and high modeled spread,MODERATE,13,34,34,19,5,5,7,HIGH,0,INJURY_CONTEXT,"Utah 2025 reserve edge played four games, 11 tackles and 1.5 TFL, after 2024 four total tackles. Utah State 2023 13-start pass rush season had 46 tackles, nine TFL and eight sacks. Official fifth-year Utah 2026; prior demonstrated impact creates rebound case, but absence of sustained recent production and injury/role risk temper expectations.",https://utahutes.com/sports/football/roster/paul-fitzgerald/17521
utah|rabbitevans,Utah,Rabbit Evans,Secondary,5TH,85,RISING,VOLATILE,injury / small-sample / role-transition context and high modeled spread,MODERATE,11,34,38,17,5,5,6,HIGH,0,INJURY_CONTEXT,"Utah 2024 five-start safety compiled 34 tackles/two TFL, then 2025 defense appearance at Wyoming followed by season-ending injury. Returned for four starting 2026 games with 14 tackles, sack, interception and fumble recovery. Official 2026 fifth year after Blinn College 2022-23; strong rebound evidence with major availability uncertainty.",https://utahutes.com/sports/football/roster/rabbit-evans/17519
utah|rickyjohnson,Utah,Ricky Johnson,WR,SO,78,HIGH UPSIDE,EMERGING,early college career + individually modeled development runway,LIMITED,18,39,31,12,6,6,5,HIGH,UNCONFIRMED,THIN_SAMPLE,"Mississippi State 2024-25 WR played 17 games/one start with only five career receptions/26 yards, including three for 17 yards in 2025. Utah 2026 first four games all starts with nine catches/101 yards: clear increased role but modest verified P4 production. 2024 first college season makes 2027 draft potentially legal despite official sophomore designation.",https://utahutes.com/sports/football/roster/ricky-johnson/17647
utah|treyreynolds,Utah,Trey Reynolds,Front Seven,SR,88,RISING,ESTABLISHED,credible existing college level or modal steady outlook; no guaranteed step forward,LIMITED,10,34,42,14,4,4,5,MEDIUM,0,THIN_SAMPLE,"Utah 2025 all 13 games/four starts linebacker, 28 tackles, six TFL, 1.5 sacks and two interceptions. First four 2026 starts produced team-high 24 tackles, three TFL and an INT. Collegiate record includes 2021 play and school 2026 senior designation; modeling final college season with only ordinary eligibility assumption.",https://utahutes.com/sports/football/roster/trey-reynolds/17568
utah|wayshawnparker,Utah,Wayshawn Parker,RB,JR,95,RISING,ESTABLISHED,credible existing college level or modal steady outlook; no guaranteed step forward,MODERATE,6,26,54,14,3,3,5,MEDIUM,UNCONFIRMED,RISING_LABEL_OBSCURES_STEADY_MODE,"Utah junior RB (2024 Washington State transfer) started 2026 as team captain; through four games 328 yards and five rushing TD plus 154 receiving yards/four receiving TD. The audited 2026 95 current-ability level leaves limited grade upside, though complete receiving workload helps sustain year-two value.",https://utahutes.com/sports/football/roster/parker-wayshawn/17561
